imdb_id,name,genre,dataset_genre,topic1,topic2,topic3,topic4,topic5
tt0076759,Star Wars: Episode IV - A New Hope,"Action, Adventure, Fantasy, Sci-Fi",action,"['make', 'great', 'star', 'war', 'movie', 'george', 'lucas', 'epic', 'decade', 'world']","['say', 'cast', 'time', 'lucas', 'episode', 'movie', 'character', 'remember', 'book', 'love']","['luke', 'love', 'great', 'star', 'character', 'death', 'scene', 'war', 'favorite', 'vader']","['war', 'star', 'luke', 'character', 'great', 'story', 'effect', 'time', 'lucas', 'anakin']","['war', 'star', 'make', 'time', 'lucas', 'george', 'thing', 'say', 'far', 'character']"
tt0080684,Star Wars: Episode V - The Empire Strikes Back,"Action, Adventure, Fantasy, Sci-Fi",action,"['star', 'war', 'luke', 'empire', 'original', 'han', 'strike', 'yoda', 'lucas', 'vader']","['star', 'war', 'strike', 'empire', 'like', 'film', 'make', 'know', 'luke', 'great']","['luke', 'vader', 'darth', 'star', 'han', 'empire', 'want', 'best', 'strike', 'love']","['character', 'solo', 'viewer', 'hero', 'fifth', 'way', 'wise', 'effect', 'best', 'constant']","['work', 'character', 'scene', 'star', 'new', 'good', 'win', 'oscar', 'film', 'empire']"
tt0103064,Terminator 2: Judgment Day,"Action, Sci-Fi",action,"['make', 'terminator', 'action', 'time', 'great', 'cameron', 'hamilton', 'film', 'day', 'good']","['action', 'effect', 'terminator', 'vhs', 'make', 'time', 'year', 'sent', 'best', 'movie']","['terminator', 'action', 'john', 'great', 'make', 'time', 'sarah', 'scene', 'like', 'connor']","['day', 'terminator', 'feel', 'thing', 'action', 'character', 'long', 'watch', 'sound', 'judgement']","['terminator', 'action', 'like', 'time', 'john', 'scene', 'film', 'machine', 'man', 'dont']"
tt0110413,Léon: The Professional,"Action, Crime, Drama, Thriller",action,"['leon', 'mathilda', 'make', 'character', 'scene', 'oldman', 'besson', 'love', 'time', 'film']","['father', 'professional', 'bessons', 'excellent', 'fan', 'wonderful', 'thriller', 'la', 'wont', 'theme']","['leon', 'love', 'watch', 'mathilda', 'girl', 'character', 'like', 'natalie', 'really', 'act']","['life', 'oldman', 'besson', 'character', 'make', 'scene', 'leon', 'léon', 'great', 'action']","['love', 'leon', 'best', 'action', 'performance', 'besson', 'make', 'movie', 'actor', 'professional']"
tt0133093,The Matrix,"Action, Sci-Fi",action,"['matrix', 'mind', 'big', 'question', 'know', 'distinction', 'year', 'make', 'absolutely', 'category']","['matrix', 'time', 'watch', 'effect', 'best', 'neo', 'think', 'say', 'element', 'film']","['speed', 'philosophical', 'likely', 'sadly', 'deeply', 'real', 'relate', 'concept', 'event', 'discover']","['matrix', 'time', 'make', 'world', 'movie', 'best', 'effect', 'action', 'watch', 'great']","['matrix', 'year', 'effect', 'reality', 'reef', 'best', 'look', 'like', 'action', 'keanu']"
tt0172495,Gladiator,"Action, Adventure, Drama",action,"['gladiator', 'character', 'feature', 'crow', 'like', 'scene', 'maximus', 'scott', 'act', 'superb']","['area', 'ancient', 'fantasy', 'soundtrack', 'rollercoastering', 'propels', 'seriously', 'russel', 'filmmaking', 'easily']","['gladiator', 'scene', 'scott', 'maximus', 'crow', 'action', 'performance', 'character', 'ridley', 'epic']","['maximus', 'great', 'make', 'scene', 'gladiator', 'emperor', 'crow', 'really', 'rome', 'scott']","['roman', 'great', 'crow', 'gladiator', 'cast', 'good', 'general', 'action', 'scott', 'time']"
tt0468569,The Dark Knight,"Action, Crime, Drama, Thriller",action,"['privileged', 'honour', 'watch', 'movie', 'feel', 'closest', 'amaze', 'superhero', 'thanks', 'performs']","['batman', 'dark', 'knight', 'best', 'joker', 'make', 'begin', 'superhero', 'say', 'ledger']","['batman', 'joker', 'character', 'dark', 'come', 'action', 'knight', 'time', 'make', 'heath']","['batman', 'joker', 'dark', 'heath', 'knight', 'make', 'ledger', 'best', 'performance', 'action']","['ledger', 'bale', 'batman', 'nolan', 'heath', 'actor', 'christopher', 'dark', 'nolans', 'fight']"
tt1375666,Inception,"Action, Adventure, Sci-Fi, Thriller",action,"['dream', 'character', 'scene', 'world', 'make', 'inception', 'way', 'leo', 'mission', 'end']","['dream', 'make', 'great', 'like', 'director', 'nolan', 'special', 'effect', 'good', 'film']","['nolan', 'inception', 'action', 'dicaprio', 'like', 'make', 'viewer', 'movie', 'write', 'lead']","['nolan', 'dream', 'year', 'time', 'like', 'make', 'come', 'film', 'plot', 'director']","['inception', 'dream', 'make', 'mind', 'idea', 'plot', 'character', 'nolan', 'like', 'great']"
tt4154756,Avengers: Infinity War,"Action, Adventure, Sci-Fi",action,"['like', 'avenger', 'movie', 'hero', 'marvel', 'war', 'way', 'guardian', 'infinity', 'summer']","['character', 'infinity', 'thanos', 'war', 'marvel', 'make', 'avenger', 'scene', 'film', 'death']","['marvel', 'character', 'thanos', 'best', 'movie', 'make', 'war', 'end', 'villain', 'avenger']","['thanos', 'film', 'thor', 'character', 'order', 'like', 'say', 'time', 'dark', 'hulk']","['infinity', 'thanos', 'make', 'battle', 'character', 'marvel', 'war', 'movie', 'plot', 'point']"
tt4154796,Avengers: Endgame,"Action, Adventure, Drama, Sci-Fi",action,"['time', 'travel', 'end', 'thanos', 'know', 'timeline', 'way', 'infinity', 'cap', 'make']","['like', 'im', 'really', 'gon', 'na', 'superhero', 'marvel', 'end', 'people', 'captain']","['infinity', 'steve', 'time', 'end', 'war', 'save', 'thanos', 'let', 'say', 'movie']","['story', 'scene', 'endgame', 'avenger', 'marvel', 'make', 'action', 'character', 'like', 'bad']","['bad', 'time', 'marvel', 'travel', 'plot', 'fan', 'idea', 'write', 'make', 'action']"
tt8291224,Uri: The Surgical Strike,"Action, Drama, War",action,"['awesome', 'watch', 'high', 'convince', 'flaw', 'rank', 'good', 'really', 'actor', 'army']","['great', 'watch', 'best', 'movie', 'act', 'operation', 'good', 'time', 'unnecessary', 'available']","['watch', 'background', 'right', 'border', 'kaushal', 'especially', 'screenplay', 'performance', 'masterpiece', 'army']","['aditya', 'job', 'strike', 'surgical', 'war', 'make', 'best', 'amaze', 'kaushal', 'performance']","['direction', 'make', 'vicky', 'brilliant', 'watch', 'act', 'film', 'superstar', 'action', 'wrong']"
tt0047478,Seven Samurai,"Action, Adventure, Drama",adventure,"['samurai', 'kurosawa', 'seven', 'film', 'make', 'character', 'village', 'like', 'time', 'great']","['samurai', 'kurosawa', 'character', 'seven', 'time', 'action', 'story', 'villager', 'make', 'great']","['samurai', 'seven', 'village', 'kurosawa', 'character', 'watch', 'make', 'battle', 'masterpiece', 'farmer']","['genius', 'amazes', 'believe', 'hard', 'idea', 'appreciate', 'absorbed', 'hereinwe', 'spoiler', 'passthis']","['deep', 'important', 'whats', 'accompany', 'warm', 'meaningful', 'manage', 'love', 'incredible', 'duty']"
tt0082096,Das Boot,"Adventure, Drama, Thriller, War",adventure,"['war', 'da', 'boot', 'submarine', 'movie', 'watch', 'like', 'make', 'good', 'year']","['war', 'german', 'make', 'boot', 'crew', 'da', 'film', 'great', 'submarine', 'director']","['war', 'men', 'like', 'crew', 'use', 'submarine', 'young', 'steadicam', 'make', 'viewer']","['captain', 'crew', 'war', 'german', 'work', 'character', 'director', 'cut', 'watch', 'point']","['actually', 'emotionally', 'dont', 'come', 'subtitle', 'guy', 'save', 'drama', 'work', 'suspense']"
tt0082971,Raiders of the Lost Ark,"Action, Adventure",adventure,"['jones', 'action', 'raider', 'great', 'scene', 'nazi', 'indiana', 'ford', 'ark', 'make']","['action', 'raider', 'indiana', 'jones', 'indy', 'scene', 'time', 'like', 'ark', 'film']","['like', 'really', 'film', 'scene', 'bad', 'good', 'movie', 'dont', 'work', 'look']","['jones', 'action', 'make', 'lot', 'story', 'indiana', 'excitement', 'nazi', 'feel', 'remember']","['indy', 'action', 'like', 'try', 'hero', 'scene', 'watch', 'reason', 'face', 'guy']"
tt0088763,Back to the Future,"Adventure, Comedy, Sci-Fi",adventure,"['time', 'watch', 'make', 'plot', 'best', 'screen', 'star', 'like', 'day', 'flawless']","['marti', 'time', 'parent', 'make', 'future', 'brown', 'great', 'michael', 'fox', 'dr']","['mcfly', 'year', 'different', 'love', 'high', 'science', 'movie', 'thirty', 'marti', 'time']","['time', 'love', 'marti', 'travel', 'great', 'future', 'fox', 'lloyd', 'doc', 'michael']","['future', 'make', 'marti', 'doc', 'time', 'good', 'know', 'film', 'movie', 'come']"
tt0090605,Aliens,"Action, Adventure, Sci-Fi, Thriller",adventure,"['alien', 'character', 'time', 'watch', 'scene', 'like', 'action', 'quite', 'original', 'say']","['alien', 'action', 'make', 'ripley', 'survivor', 'great', 'movie', 'like', 'story', 'effect']","['alien', 'cameron', 'make', 'year', 'watch', 'action', 'sound', 'director', 'original', 'scott']","['make', 'time', 'alien', 'cameron', 'character', 'action', 'way', 'work', 'james', 'crew']","['alien', 'love', 'action', 'character', 'ripley', 'like', 'newt', 'scene', 'time', 'dont']"
tt0120737,The Lord of the Rings: The Fellowship of the Ring,"Adventure, Drama, Fantasy",adventure,"['ring', 'lord', 'trilogy', 'act', 'effect', 'scale', 'work', 'film', 'superb', 'sean']","['book', 'ring', 'make', 'story', 'great', 'jackson', 'character', 'time', 'like', 'love']","['character', 'story', 'fight', 'make', 'like', 'book', 'ring', 'fellowship', 'audience', 'screen']","['character', 'time', 'book', 'movie', 'make', 'tolkien', 'jackson', 'frodo', 'cast', 'set']","['good', 'ring', 'like', 'time', 'book', 'fellowship', 'scene', 'make', 'great', 'tolkien']"
tt0167260,The Lord of the Rings: The Return of the King,"Adventure, Drama, Fantasy",adventure,"['jackson', 'tolkien', 'end', 'make', 'story', 'battle', 'character', 'film', 'book', 'great']","['good', 'scene', 'film', 'trilogy', 'king', 'make', 'best', 'action', 'great', 'cinema']","['story', 'ring', 'make', 'character', 'film', 'add', 'brings', 'trilogy', 'set', 'write']","['ring', 'battle', 'make', 'king', 'character', 'scene', 'jackson', 'return', 'frodo', 'trilogy']","['ring', 'king', 'book', 'make', 'tolkien', 'jackson', 'scene', 'dvd', 'return', 'tirith']"
tt0167261,The Lord of the Rings: The Two Towers,"Adventure, Drama, Fantasy",adventure,"['ring', 'aragorn', 'tower', 'character', 'fellowship', 'frodo', 'story', 'trilogy', 'middle', 'earth']","['ring', 'time', 'fellowship', 'story', 'gollum', 'know', 'truly', 'tower', 'amaze', 'hope']","['book', 'ring', 'character', 'trilogy', 'lord', 'jackson', 'make', 'time', 'tower', 'great']","['character', 'battle', 'best', 'like', 'make', 'cinema', 'scene', 'time', 'actor', 'book']","['battle', 'scene', 'tower', 'great', 'fellowship', 'helm', 'deep', 'hour', 'ring', 'story']"
tt0361748,Inglourious Basterds,"Adventure, Drama, War",adventure,"['tarantino', 'time', 'pitt', 'nazi', 'brad', 'fun', 'plot', 'movie', 'like', 'make']","['scene', 'boring', 'basterds', 'waltz', 'qt', 'basement', 'christoph', 'fantasy', 'character', 'watch']","['table', 'talk', 'jewish', 'basterds', 'german', 'woman', 'minute', 'cinema', 'french', 'hero']","['tarantino', 'movie', 'inglorious', 'french', 'basterds', 'landa', 'time', 'way', 'people', 'german']","['tarantino', 'nazi', 'character', 'make', 'time', 'look', 'film', 'pitt', 'basterds', 'know']"
tt0816692,Interstellar,"Adventure, Drama, Sci-Fi",adventure,"['nolan', 'make', 'space', 'story', 'film', 'cinema', 'interstellar', 'best', 'masterpiece', 'visual']","['unbelievable', 'th', 'brother', 'deal', 'nominate', 'fair', 'obvious', 'circumstance', 'disagree', 'definitely']","['watch', 'interstellar', 'theatre', 'universe', 'instead', 'experience', 'galaxy', 'love', 'space', 'fascinate']","['interstellar', 'time', 'nolan', 'like', 'space', 'best', 'visual', 'make', 'character', 'cooper']","['interstellar', 'chance', 'enjoy', 'movie', 'credit', 'people', 'scene', 'precious', 'trailer', 'cinema']"
tt4633694,Spider-Man: Into the Spider-Verse,"Animation, Action, Adventure, Family, Sci-Fi",adventure,"['peter', 'spiderman', 'character', 'parker', 'love', 'great', 'animation', 'make', 'spider', 'spiderverse']","['character', 'like', 'animation', 'mile', 'story', 'best', 'morale', 'think', 'scene', 'really']","['comic', 'book', 'great', 'time', 'movie', 'animate', 'like', 'people', 'ive', 'make']","['spiderman', 'animate', 'great', 'new', 'kid', 'make', 'love', 'comic', 'different', 'hero']","['superhero', 'spiderman', 'movie', 'universe', 'unique', 'comic', 'look', 'spiderverse', 'parker', 'extend']"
tt0095327,Grave of the Fireflies,"Animation, Drama, War",animation,"['watch', 'war', 'come', 'film', 'time', 'like', 'die', 'thing', 'young', 'animate']","['film', 'story', 'character', 'war', 'animation', 'really', 'firefly', 'world', 'child', 'grave']","['child', 'war', 'die', 'grave', 'need', 'come', 'death', 'takahata', 'effect', 'grow']","['watch', 'anime', 'make', 'setsuko', 'seita', 'love', 'say', 'character', 'year', 'powerful']","['war', 'sister', 'child', 'seita', 'make', 'setsuko', 'character', 'ive', 'life', 'story']"
tt0110357,The Lion King,"Animation, Adventure, Drama, Family, Musical",animation,"['great', 'king', 'lion', 'animation', 'disney', 'animate', 'love', 'old', 'simba', 'young']","['character', 'best', 'watch', 'king', 'song', 'lion', 'time', 'disney', 'story', 'love']","['king', 'lion', 'simba', 'watch', 'day', 'come', 'disney', 'grow', 'life', 'teach']","['animate', 'disney', 'great', 'age', 'animation', 'life', 'year', 'lion', 'king', 'learn']","['simba', 'scar', 'king', 'lion', 'really', 'mufasa', 'animate', 'say', 'pride', 'disney']"
tt0114709,Toy Story,"Animation, Adventure, Comedy, Family, Fantasy",animation,"['toy', 'buzz', 'woody', 'andys', 'story', 'make', 'good', 'andy', 'animation', 'disney']","['toy', 'buzz', 'woody', 'film', 'pixar', 'story', 'like', 'make', 'disney', 'character']","['toy', 'story', 'buzz', 'woody', 'animation', 'lightyear', 'new', 'great', 'come', 'andy']","['toy', 'great', 'best', 'nominate', 'film', 'woody', 'buzz', 'good', 'age', 'rickles']","['story', 'pixar', 'toy', 'disney', 'animate', 'thing', 'cast', 'start', 'movie', 'point']"
tt0119698,Princess Mononoke,"Animation, Adventure, Fantasy",animation,"['mononoke', 'princess', 'beautiful', 'ashitaka', 'animation', 'away', 'spirit', 'especially', 'dont', 'big']","['japanese', 'like', 'mononoke', 'disney', 'style', 'animation', 'world', 'element', 'character', 'god']","['character', 'mononoke', 'forest', 'good', 'watch', 'human', 'miyazaki', 'spirit', 'nature', 'princess']","['mononoke', 'character', 'princess', 'forest', 'make', 'time', 'japan', 'ashitaka', 'best', 'anime']","['art', 'story', 'anime', 'look', 'want', 'animation', 'like', 'akira', 'edge', 'feature']"
tt0245429,Spirited Away,"Animation, Adventure, Family, Fantasy, Mystery",animation,"['spirit', 'chihiro', 'work', 'away', 'like', 'animation', 'character', 'time', 'house', 'story']","['character', 'world', 'chihiro', 'spirit', 'miyazaki', 'away', 'like', 'japan', 'theme', 'scene']","['spirit', 'story', 'really', 'away', 'animation', 'make', 'character', 'watch', 'dont', 'like']","['away', 'film', 'release', 'little', 'enjoy', 'dub', 'spirit', 'change', 'audience', 'thing']","['spirit', 'movie', 'away', 'story', 'miyazaki', 'world', 'way', 'chihiro', 'like', 'disney']"
tt0435761,Toy Story 3,"Animation, Adventure, Comedy, Family, Fantasy",animation,"['toy', 'story', 'love', 'clever', 'day', 'pixar', 'character', 'begin', 'work', 'leave']","['watch', 'story', 'toy', 'age', 'hold', 'tear', 'admit', 'haha', 'felt', 'childhood']","['toy', 'story', 'animation', 'character', 'like', 'pixar', 'best', 'film', 'year', 'time']","['toy', 'story', 'really', 'watch', 'good', 'like', 'best', 'year', 'time', 'scene']","['make', 'end', 'sense', 'childhood', 'let', 'masterpiece', 'little', 'storyline', 'toy', 'sequel']"
tt0910970,WALL·E,"Animation, Adventure, Family, Sci-Fi",animation,"['make', 'like', 'story', 'message', 'wall', 'human', 'time', 'watch', 'graphic', 'world']","['wall', 'eve', 'story', 'love', 'earth', 'robot', 'come', 'space', 'say', 'care']","['wall', 'earth', 'eve', 'pixar', 'space', 'story', 'best', 'love', 'film', 'character']","['wall', 'pixar', 'eve', 'little', 'love', 'robot', 'human', 'story', 'best', 'animation']","['wall', 'human', 'eve', 'robot', 'character', 'pixar', 'film', 'love', 'animate', 'experience']"
tt2096673,Inside Out,"Animation, Adventure, Comedy, Drama, Family, Fantasy",animation,"['character', 'pixar', 'joy', 'make', 'riley', 'emotion', 'watch', 'sadness', 'way', 'inside']","['riley', 'emotion', 'joy', 'like', 'pixar', 'character', 'people', 'sadness', 'kid', 'time']","['girl', 'emotion', 'family', 'yeah', 'really', 'parent', 'riley', 'maybe', 'end', 'watch']","['review', 'ive', 'film', 'inside', 'life', 'want', 'year', 'say', 'make', 'score']","['emotion', 'riley', 'joy', 'sadness', 'inside', 'shes', 'control', 'pixar', 'child', 'new']"
tt2380307,Coco,"Animation, Adventure, Family, Fantasy, Music, Mystery",animation,"['like', 'animate', 'definitely', 'story', 'family', 'movie', 'best', 'make', 'pixar', 'toy']","['story', 'pixar', 'good', 'coco', 'love', 'animation', 'character', 'inside', 'emotional', 'mexican']","['coco', 'make', 'pixar', 'best', 'say', 'story', 'life', 'watch', 'love', 'mexican']","['family', 'touch', 'death', 'pixar', 'heart', 'boy', 'soul', 'childhood', 'surpasses', 'character']","['miguel', 'music', 'muertos', 'dead', 'story', 'coco', 'family', 'día', 'mexico', 'amaze']"
tt4633694,Spider-Man: Into the Spider-Verse,"Animation, Action, Adventure, Family, Sci-Fi",animation,"['spiderman', 'character', 'spiderverse', 'love', 'peter', 'make', 'parker', 'thats', 'music', 'style']","['character', 'mile', 'peter', 'animate', 'morale', 'parker', 'spiderman', 'really', 'scene', 'like']","['best', 'animation', 'character', 'definitely', 'soundtrack', 'great', 'year', 'animate', 'completely', 'end']","['animation', 'character', 'look', 'comic', 'like', 'superhero', 'great', 'spiderman', 'marvel', 'really']","['comic', 'book', 'like', 'great', 'time', 'story', 'animate', 'movie', 'ive', 'people']"
tt5311514,Your Name.,"Animation, Drama, Fantasy, Romance",animation,"['remake', 'hollywood', 'pretty', 'animation', 'know', 'american', 'boycott', 'wa', 'na', 'write']","['time', 'character', 'make', 'live', 'end', 'like', 'story', 'scene', 'good', 'life']","['really', 'work', 'pretty', 'make', 'jar', 'come', 'hollywood', 'girl', 'remake', 'bad']","['anime', 'like', 'journey', 'make', 'story', 'way', 'girl', 'love', 'relationship', 'sound']","['watch', 'animation', 'love', 'anime', 'film', 'best', 'year', 'story', 'animate', 'character']"
tt5323662,A Silent Voice,"Animation, Drama, Romance",animation,"['voice', 'silent', 'act', 'make', 'story', 'time', 'school', 'tear', 'shoko', 'character']","['character', 'voice', 'bullying', 'silent', 'make', 'really', 'bully', 'issue', 'time', 'way']","['really', 'character', 'feel', 'make', 'like', 'shoya', 'try', 'silent', 'voice', 'life']","['shoya', 'character', 'friend', 'story', 'think', 'time', 'understand', 'promise', 'continue', 'really']","['anime', 'manga', 'love', 'character', 'change', 'time', 'brilliant', 'story', 'watch', 'best']"
tt0027977,Modern Times,"Comedy, Drama, Family, Romance",comedy,"['chaplin', 'time', 'modern', 'tramp', 'great', 'make', 'gamin', 'scene', 'year', 'comedy']","['chaplin', 'modern', 'time', 'machine', 'charlie', 'factory', 'silent', 'sound', 'screen', 'work']","['charlie', 'time', 'say', 'goddard', 'paulette', 'american', 'laugh', 'people', 'lot', 'want']","['chaplin', 'time', 'little', 'charlie', 'tramp', 'modern', 'great', 'goddard', 'paulette', 'smile']","['little', 'scene', 'honestly', 'chaplin', 'laugh', 'surprised', 'story', 'factory', 'later', 'funny']"
tt0057012,Dr. Strangelove or: How I Learned to Stop Worrying and Love the Bomb,Comedy,comedy,"['make', 'kubrick', 'time', 'comedy', 'war', 'nuclear', 'hilarious', 'best', 'brilliant', 'peter']","['nuclear', 'war', 'strangelove', 'kubrick', 'make', 'dr', 'seller', 'peter', 'comedy', 'general']","['character', 'seller', 'general', 'make', 'like', 'time', 'russian', 'strangelove', 'funniest', 'try']","['great', 'comedy', 'attack', 'plane', 'funny', 'kubrick', 'film', 'president', 'satire', 'room']","['time', 'think', 'way', 'history', 'kubrick', 'look', 'american', 'cold', 'government', 'truth']"
tt0118799,Life Is Beautiful,"Comedy, Drama, Romance, War",comedy,"['life', 'people', 'beautiful', 'best', 'film', 'love', 'know', 'like', 'matter', 'subtitle']","['guido', 'comedy', 'benigni', 'life', 'half', 'son', 'camp', 'beautiful', 'make', 'love']","['holocaust', 'son', 'life', 'enjoy', 'watch', 'time', 'make', 'love', 'try', 'beautiful']","['love', 'holocaust', 'story', 'benigni', 'say', 'movie', 'watch', 'think', 'act', 'dont']","['thing', 'watch', 'like', 'best', 'expect', 'purpose', 'life', 'really', 'happy', 'spirit']"
tt0405508,Rang De Basanti,"Comedy, Drama",comedy,"['make', 'india', 'character', 'use', 'emotion', 'indian', 'good', 'youth', 'come', 'screen']","['make', 'khan', 'think', 'character', 'indian', 'rang', 'role', 'time', 'say', 'life']","['performance', 'best', 'great', 'character', 'youth', 'patriotic', 'feel', 'definitely', 'work', 'different']","['make', 'aamir', 'youth', 'life', 'performance', 'friend', 'like', 'soha', 'khan', 'movie']","['make', 'performance', 'aamir', 'end', 'story', 'actor', 'movie', 'say', 'black', 'like']"
tt1049413,Up,"Animation, Adventure, Comedy, Family",comedy,"['great', 'movie', 'pixar', 'really', 'story', 'dont', 'like', 'laugh', 'time', 'animation']","['disney', 'pixar', 'film', 'adventure', 'like', 'come', 'pixars', 'begin', 'lose', 'man']","['pixar', 'life', 'old', 'house', 'character', 'wall', 'story', 'film', 'scene', 'man']","['carl', 'pixar', 'story', 'say', 'old', 'year', 'kid', 'make', 'good', 'character']","['carl', 'story', 'pixar', 'time', 'character', 'adventure', 'russell', 'old', 'year', 'make']"
tt1187043,3 Idiots,"Comedy, Drama",comedy,"['watch', 'movie', 'rancho', 'indian', 'like', 'education', 'student', 'lot', 'college', 'friend']","['idiot', 'time', 'think', 'cinema', 'learn', 'want', 'follow', 'watch', 'like', 'people']","['indian', 'idiot', 'like', 'best', 'watch', 'bollywood', 'comedy', 'character', 'believe', 'say']","['watch', 'aamir', 'love', 'life', 'idiot', 'good', 'worth', 'right', 'hirani', 'family']","['aamir', 'idiot', 'point', 'love', 'life', 'look', 'good', 'chase', 'raju', 'movie']"
tt1675434,The Intouchables,"Biography, Comedy, Drama",comedy,"['driss', 'paul', 'untouchable', 'story', 'life', 'way', 'cluzet', 'french', 'man', 'friendship']","['life', 'driss', 'story', 'help', 'quadriplegic', 'phillipe', 'friendship', 'director', 'change', 'come']","['people', 'guy', 'really', 'say', 'review', 'write', 'laugh', 'black', 'like', 'think']","['french', 'great', 'movie', 'actor', 'omar', 'good', 'story', 'people', 'best', 'watch']","['really', 'make', 'best', 'like', 'good', 'time', 'cluzet', 'world', 'intouchables', 'remake']"
tt1954470,Gangs of Wasseypur,"Action, Comedy, Crime, Drama, Thriller",comedy,"['wasseypur', 'gang', 'khan', 'character', 'indian', 'kashyap', 'anurag', 'sardar', 'life', 'cinema']","['lot', 'khan', 'bollywood', 'really', 'role', 'character', 'actually', 'act', 'quite', 'hard']","['story', 'character', 'watch', 'indian', 'make', 'wasseypur', 'like', 'khan', 'good', 'india']","['cinema', 'music', 'kashyap', 'khan', 'like', 'real', 'best', 'great', 'story', 'film']","['time', 'gang', 'lot', 'character', 'long', 'like', 'ramadheer', 'violence', 'bihar', 'end']"
tt2283748,OMG: Oh My God!,"Comedy, Drama, Fantasy",comedy,"['god', 'message', 'make', 'people', 'good', 'paresh', 'watch', 'rawal', 'like', 'believe']","['god', 'act', 'religious', 'big', 'say', 'watch', 'base', 'head', 'make', 'modern']","['watch', 'think', 'thought', 'concept', 'say', 'want', 'feel', 'dont', 'direction', 'know']","['god', 'watch', 'oh', 'akshay', 'best', 'paresh', 'role', 'rawal', 'good', 'perfect']","['god', 'people', 'make', 'religion', 'kanji', 'strong', 'saint', 'money', 'idol', 'godmen']"
tt3322420,Queen,"Comedy, Drama",comedy,"['queen', 'indian', 'rani', 'make', 'woman', 'like', 'character', 'kangana', 'bahl', 'look']","['scene', 'rani', 'director', 'like', 'performance', 'good', 'make', 'life', 'actor', 'paris']","['kangana', 'bollywood', 'scene', 'movie', 'woman', 'like', 'brilliant', 'french', 'queen', 'perfect']","['queen', 'rani', 'kangana', 'ranaut', 'character', 'film', 'like', 'great', 'wedding', 'shoulder']","['story', 'indian', 'woman', 'watch', 'make', 'face', 'role', 'say', 'act', 'fun']"
tt5027774,"Three Billboards Outside Ebbing, Missouri","Comedy, Crime, Drama",comedy,"['hayes', 'character', 'billboard', 'dixon', 'mildred', 'police', 'people', 'town', 'like', 'outside']","['character', 'scene', 'lot', 'say', 'like', 'police', 'know', 'make', 'chief', 'feel']","['love', 'god', 'realistic', 'nonsensical', 'fly', 'critic', 'intense', 'powerful', 'united', 'felt']","['billboard', 'character', 'performance', 'mcdormand', 'like', 'mildred', 'rockwell', 'come', 'martin', 'make']","['police', 'start', 'black', 'let', 'murder', 'chief', 'time', 'finally', 'tell', 'people']"
tt6751668,Parasite,"Comedy, Drama, Thriller",comedy,"['family', 'mr', 'park', 'parasite', 'make', 'poor', 'rich', 'kim', 'ive', 'social']","['family', 'rich', 'poor', 'like', 'make', 'bong', 'feel', 'want', 'movie', 'try']","['rich', 'make', 'people', 'time', 'audience', 'poor', 'think', 'family', 'easy', 'bong']","['suspense', 'symbolism', 'cinematography', 'use', 'french', 'dont', 'definitely', 'best', 'bong', 'parasite']","['class', 'best', 'watch', 'review', 'quite', 'year', 'hate', 'masterpiece', 'sort', 'theme']"
tt0068646,The Godfather,"Crime, Drama",crime,"['family', 'godfather', 'michael', 'great', 'make', 'scene', 'character', 'brando', 'pacino', 'vito']","['godfather', 'family', 'film', 'coppola', 'make', 'time', 'think', 'best', 'watch', 'pacino']","['godfather', 'corleone', 'story', 'people', 'character', 'time', 'believe', 'movie', 'gangster', 'different']","['michael', 'vito', 'great', 'family', 'make', 'time', 'scene', 'character', 'corleone', 'begin']","['character', 'family', 'life', 'make', 'film', 'time', 'michael', 'godfather', 'man', 'coppola']"
tt0071562,The Godfather: Part II,"Crime, Drama",crime,"['michael', 'godfather', 'corleone', 'vito', 'niro', 'ii', 'make', 'great', 'sequel', 'like']","['scene', 'godfather', 'great', 'thing', 'dont', 'story', 'end', 'amaze', 'really', 'favorite']","['michael', 'time', 'new', 'story', 'corleone', 'vito', 'empire', 'world', 'family', 'mafia']","['corleone', 'performance', 'act', 'michael', 'robert', 'family', 'niro', 'young', 'godfather', 'vito']","['work', 'michael', 'history', 'second', 'mafia', 'actor', 'family', 'time', 'great', 'hand']"
tt0102926,The Silence of the Lambs,"Crime, Drama, Thriller",crime,"['lecter', 'hopkins', 'clarice', 'hannibal', 'best', 'silence', 'foster', 'lamb', 'performance', 'brilliant']","['hopkins', 'best', 'scene', 'foster', 'silence', 'performance', 'mind', 'hannibal', 'people', 'lamb']","['act', 'lamb', 'silence', 'hopkins', 'horror', 'atmosphere', 'watch', 'psychological', 'thriller', 'especially']","['starling', 'lecter', 'make', 'buffalo', 'hopkins', 'foster', 'character', 'time', 'clarice', 'lecters']","['hopkins', 'foster', 'clarice', 'killer', 'fbi', 'anthony', 'serial', 'hannibal', 'lamb', 'demme']"
tt0110912,Pulp Fiction,"Crime, Drama",crime,"['movie', 'fiction', 'pulp', 'tarantino', 'character', 'best', 'make', 'like', 'great', 'story']","['tarantino', 'story', 'time', 'character', 'pulp', 'fiction', 'film', 'dialogue', 'like', 'know']","['tarantino', 'scene', 'fiction', 'character', 'pulp', 'best', 'violence', 'people', 'make', 'good']","['tarantino', 'come', 'think', 'moment', 'story', 'lack', 'second', 'genre', 'believe', 'vincent']","['make', 'people', 'way', 'like', 'pulp', 'fiction', 'amaze', 'picture', 'character', 'think']"
tt0114369,Se7en,"Crime, Drama, Mystery, Thriller",crime,"['freeman', 'pitt', 'seven', 'killer', 'dark', 'actor', 'morgan', 'kevin', 'character', 'great']","['dark', 'killer', 'murder', 'make', 'like', 'character', 'pitt', 'end', 'spacey', 'film']","['somerset', 'doe', 'story', 'audience', 'film', 'world', 'character', 'killer', 'david', 'end']","['make', 'scene', 'performance', 'somerset', 'cop', 'best', 'role', 'brad', 'great', 'fincher']","['somerset', 'doe', 'action', 'film', 'end', 'final', 'set', 'partner', 'vision', 'rain']"
tt0114814,The Usual Suspects,"Crime, Mystery, Thriller",crime,"['make', 'like', 'end', 'twist', 'watch', 'know', 'point', 'say', 'final', 'scene']","['usual', 'performance', 'suspect', 'great', 'best', 'spacey', 'time', 'watch', 'audience', 'character']","['verbal', 'singer', 'kujan', 'end', 'suspect', 'usual', 'character', 'keaton', 'make', 'spacey']","['time', 'end', 'great', 'like', 'usual', 'plot', 'watch', 'suspect', 'good', 'role']","['end', 'time', 'minute', 'watch', 'story', 'dont', 'suspect', 'know', 'plot', 'twist']"
tt0120689,The Green Mile,"Crime, Drama, Fantasy, Mystery",crime,"['make', 'like', 'think', 'watch', 'time', 'character', 'hour', 'hank', 'right', 'tom']","['watch', 'movie', 'make', 'like', 'time', 'best', 'story', 'human', 'love', 'recommend']","['mile', 'prison', 'guard', 'cast', 'story', 'men', 'edgecomb', 'green', 'event', 'duncan']","['story', 'right', 'ive', 'version', 'cast', 'hank', 'king', 'michael', 'edgecomb', 'perfect']","['green', 'mile', 'michael', 'duncan', 'like', 'best', 'performance', 'role', 'story', 'hank']"
tt0317248,City of God,"Crime, Drama",crime,"['community', 'bad', 'visit', 'world', 'slum', 'child', 'live', 'police', 'order', 'school']","['sex', 'kill', 'character', 'city', 'great', 'steal', 'world', 'people', 'time', 'god']","['city', 'story', 'god', 'make', 'character', 'film', 'violence', 'like', 'deus', 'feel']","['city', 'god', 'gang', 'rocket', 'life', 'lil', 'rio', 'brazil', 'child', 'kill']","['rio', 'scene', 'know', 'god', 'chicken', 'city', 'watch', 'outside', 'remind', 'character']"
tt0407887,The Departed,"Crime, Drama, Thriller",crime,"['scorsese', 'performance', 'say', 'really', 'moment', 'best', 'long', 'great', 'time', 'deliver']","['scorsese', 'depart', 'really', 'make', 'character', 'say', 'like', 'affair', 'think', 'original']","['scorsese', 'depart', 'infernal', 'affair', 'story', 'end', 'police', 'character', 'film', 'scene']","['depart', 'infernal', 'affair', 'end', 'scene', 'original', 'really', 'yan', 'mole', 'kill']","['time', 'make', 'character', 'original', 'like', 'good', 'mark', 'depart', 'leonardo', 'matt']"
tt3417422,Drishyam,"Crime, Drama, Thriller",crime,"['family', 'malayalam', 'role', 'time', 'theater', 'act', 'crime', 'character', 'watch', 'scene']","['role', 'character', 'really', 'make', 'way', 'jeethu', 'sahadevan', 'police', 'shajon', 'mr']","['family', 'malayalam', 'half', 'time', 'movie', 'act', 'make', 'watch', 'character', 'stand']","['watch', 'like', 'joseph', 'movie', 'family', 'mohanlal', 'industry', 'indian', 'dhrishyam', 'drishyam']","['drishyam', 'time', 'watch', 'make', 'indian', 'movie', 'thrill', 'jeethu', 'start', 'outstanding']"
tt7286456,Joker,"Crime, Drama, Thriller",crime,"['joaquin', 'phoenix', 'joker', 'oscar', 'score', 'performance', 'book', 'comic', 'best', 'heath']","['joker', 'act', 'phoenix', 'joaquin', 'movie', 'good', 'performance', 'superhero', 'ledger', 'time']","['way', 'character', 'phoenix', 'story', 'time', 'different', 'critic', 'far', 'best', 'make']","['joaquin', 'good', 'cinematography', 'people', 'need', 'todd', 'phoenix', 'enjoy', 'money', 'doesnt']","['joker', 'make', 'feel', 'great', 'character', 'performance', 'bad', 'think', 'best', 'phoenix']"
tt0038650,It's a Wonderful Life,"Drama, Family, Fantasy",drama,"['life', 'good', 'stewart', 'make', 'character', 'best', 'christmas', 'year', 'great', 'time']","['life', 'bailey', 'george', 'wonderful', 'man', 'potter', 'great', 'time', 'make', 'like']","['life', 'wonderful', 'make', 'george', 'end', 'time', 'mary', 'think', 'capra', 'great']","['christmas', 'watch', 'life', 'george', 'wonderful', 'really', 'husband', 'bailey', 'think', 'say']","['stewart', 'george', 'bailey', 'potter', 'life', 'scene', 'mr', 'christmas', 'great', 'family']"
tt0050083,12 Angry Men,Drama,drama,"['juror', 'man', 'character', 'great', 'case', 'make', 'room', 'fonda', 'men', 'say']","['true', 'actor', 'write', 'murder', 'verdict', 'film', 'witness', 'way', 'henry', 'fonda']","['juror', 'men', 'boy', 'great', 'murder', 'fonda', 'angry', 'script', 'set', 'personality']","['fonda', 'juror', 'jury', 'make', 'time', 'henry', 'men', 'really', 'guilty', 'doubt']","['make', 'like', 'men', 'angry', 'great', 'henry', 'case', 'vote', 'guilty', 'fonda']"
tt0056058,Harakiri,"Drama, History",drama,"['samurai', 'seppuku', 'harakiri', 'say', 'tell', 'great', 'honor', 'story', 'die', 'kurosawa']","['samurai', 'time', 'japanese', 'make', 'like', 'clan', 'story', 'tale', 'think', 'saw']","['samurai', 'harakiri', 'act', 'masaki', 'story', 'code', 'kobayashi', 'human', 'period', 'make']","['hanshiro', 'motome', 'clan', 'ronin', 'blade', 'sword', 'ii', 'bamboo', 'make', 'seppuku']","['samurai', 'japan', 'japanese', 'harakiri', 'film', 'story', 'end', 'clan', 'great', 'seppuku']"
tt0073486,One Flew Over the Cuckoo's Nest,Drama,drama,"['best', 'jack', 'nicholson', 'mcmurphy', 'nurse', 'patient', 'performance', 'fletcher', 'play', 'make']","['hospital', 'today', 'like', 'psychiatric', 'time', 'need', 'fight', 'cast', 'abuse', 'point']","['world', 'act', 'make', 'story', 'point', 'great', 'perfect', 'character', 'nicholson', 'amaze']","['nicholson', 'mcmurphy', 'make', 'mental', 'nurse', 'cuckoo', 'jack', 'nest', 'actor', 'flew']","['mcmurphy', 'ratch', 'institution', 'like', 'freedom', 'good', 'thing', 'way', 'ward', 'nurse']"
tt0095765,Cinema Paradiso,Drama,drama,"['version', 'salvatore', 'second', 'longer', 'time', 'way', 'change', 'maybe', 'seek', 'marries']","['like', 'life', 'end', 'long', 'italian', 'movie', 'maybe', 'yes', 'away', 'real']","['version', 'min', 'cut', 'director', 'watch', 'paradiso', 'cinema', 'time', 'relationship', 'come']","['cinema', 'love', 'story', 'movie', 'life', 'toto', 'director', 'salvatore', 'paradiso', 'time']","['love', 'version', 'movie', 'story', 'shorter', 'character', 'elena', 'make', 'want', 'director']"
tt0109830,Forrest Gump,"Drama, Romance",drama,"['like', 'life', 'say', 'story', 'great', 'watch', 'american', 'feel', 'think', 'forrest']","['forrest', 'gump', 'jenny', 'love', 'like', 'people', 'time', 'think', 'life', 'really']","['forrest', 'life', 'best', 'gump', 'youre', 'make', 'hank', 'role', 'watch', 'actor']","['life', 'like', 'right', 'jenny', 'forrest', 'review', 'make', 'think', 'time', 'read']","['hank', 'tom', 'gump', 'forrest', 'watch', 'great', 'oscar', 'best', 'make', 'win']"
tt0111161,The Shawshank Redemption,Drama,drama,"['shawshank', 'redemption', 'film', 'darabont', 'prison', 'hope', 'create', 'life', 'story', 'andy']","['best', 'watch', 'music', 'world', 'hate', 'review', 'age', 'young', 'stand', 'impressed']","['andy', 'hope', 'shawshank', 'prison', 'great', 'life', 'say', 'best', 'robbins', 'make']","['time', 'shawshank', 'redemption', 'say', 'hope', 'make', 'prison', 'andy', 'best', 'watch']","['best', 'story', 'dufresne', 'morgan', 'freeman', 'thing', 'watch', 'time', 'andy', 'good']"
tt0120586,American History X,Drama,drama,"['norton', 'edward', 'derek', 'history', 'american', 'good', 'racism', 'brother', 'white', 'film']","['derek', 'life', 'hate', 'man', 'brother', 'way', 'people', 'family', 'racist', 'come']","['derek', 'black', 'character', 'movie', 'scene', 'great', 'american', 'performance', 'make', 'norton']","['norton', 'life', 'edward', 'derek', 'character', 'performance', 'brother', 'make', 'people', 'message']","['make', 'character', 'end', 'kid', 'edward', 'norton', 'black', 'white', 'like', 'time']"
tt0120815,Saving Private Ryan,"Drama, War",drama,"['ryan', 'war', 'private', 'make', 'soldier', 'save', 'men', 'german', 'like', 'battle']","['war', 'ryan', 'watch', 'save', 'private', 'spielberg', 'best', 'soldier', 'battle', 'great']","['good', 'american', 'think', 'really', 'little', 'like', 'focus', 'spielberg', 'flaw', 'brother']","['war', 'like', 'history', 'spielberg', 'german', 'say', 'make', 'time', 'scene', 'good']","['german', 'war', 'soldier', 'make', 'man', 'great', 'best', 'life', 'spielberg', 'ryan']"
tt0137523,Fight Club,Drama,drama,"['fight', 'club', 'make', 'tyler', 'message', 'life', 'pitt', 'like', 'people', 'time']","['book', 'pitt', 'watch', 'great', 'fight', 'perfect', 'norton', 'society', 'club', 'twist']","['best', 'life', 'watch', 'performance', 'book', 'feel', 'film', 'movie', 'young', 'definitely']","['fight', 'club', 'present', 'say', 'people', 'like', 'film', 'edward', 'im', 'time']","['like', 'time', 'half', 'brad', 'pitt', 'youll', 'way', 'book', 'read', 'movie']"
tt2582802,Whiplash,"Drama, Music",drama,"['fletcher', 'neyman', 'play', 'chazelle', 'drum', 'student', 'jazz', 'whiplash', 'music', 'character']","['simmons', 'andrew', 'time', 'thing', 'teller', 'fletcher', 'great', 'say', 'scene', 'act']","['watch', 'character', 'whiplash', 'simmons', 'century', 'music', 'fletcher', 'musician', 'form', 'jk']","['andrew', 'music', 'simmons', 'teller', 'fletcher', 'great', 'like', 'performance', 'year', 'best']","['make', 'like', 'fletcher', 'jazz', 'student', 'say', 'st', 'school', 'year', 'way']"
tt0012349,The Kid,"Comedy, Drama, Family",family,"['chaplin', 'kid', 'make', 'coogan', 'chaplain', 'time', 'tramp', 'little', 'emotional', 'look']","['chaplin', 'kid', 'make', 'tramp', 'great', 'child', 'story', 'coogan', 'charlie', 'jackie']","['chaplin', 'kid', 'make', 'coogan', 'charlie', 'comedy', 'plot', 'jackie', 'silent', 'star']","['chaplin', 'kid', 'make', 'coogan', 'comedy', 'picture', 'tramp', 'child', 'look', 'feature']","['little', 'slapstick', 'fight', 'charlie', 'time', 'boy', 'life', 'look', 'screen', 'dramatic']"
tt0118849,Children of Heaven,"Drama, Family, Sport",family,"['child', 'life', 'film', 'ali', 'heaven', 'family', 'like', 'love', 'sister', 'great']","['make', 'child', 'ali', 'actor', 'heaven', 'shoe', 'sister', 'family', 'majid', 'story']","['child', 'culture', 'heaven', 'shoe', 'iran', 'film', 'ali', 'viewer', 'western', 'sister']","['ali', 'shoe', 'child', 'zhara', 'sister', 'school', 'run', 'watch', 'lose', 'simple']","['child', 'feel', 'american', 'iranian', 'review', 'little', 'love', 'kid', 'make', 'word']"
tt0129167,The Iron Giant,"Animation, Action, Adventure, Comedy, Drama, Family, Sci-Fi",family,"['giant', 'iron', 'movie', 'bird', 'animation', 'book', 'like', 'moral', 'base', 'watch']","['giant', 'iron', 'animation', 'animate', 'character', 'time', 'movie', 'like', 'make', 'best']","['giant', 'love', 'iron', 'animate', 'adult', 'like', 'look', 'voice', 'say', 'kid']","['giant', 'film', 'iron', 'animate', 'character', 'robot', 'hogarth', 'young', 'voiced', 'human']","['like', 'giant', 'animation', 'animate', 'kid', 'bird', 'hogarth', 'film', 'iron', 'come']"
tt0198781,"Monsters, Inc.","Animation, Adventure, Comedy, Family, Fantasy",family,"['monster', 'story', 'character', 'mike', 'child', 'pixar', 'adult', 'creature', 'toy', 'kid']","['monster', 'great', 'year', 'animate', 'movie', 'crystal', 'brought', 'feature', 'bird', 'brilliant']","['monster', 'child', 'mike', 'character', 'make', 'story', 'world', 'boo', 'animation', 'crystal']","['monster', 'child', 'pixar', 'story', 'character', 'toy', 'disney', 'animate', 'know', 'world']","['goodman', 'kid', 'john', 'crystal', 'brilliant', 'way', 'billy', 'movie', 'time', 'pixar']"
tt0317705,The Incredibles,"Animation, Action, Adventure, Family",family,"['character', 'like', 'incredibles', 'make', 'kid', 'animate', 'child', 'time', 'family', 'story']","['mr', 'incredible', 'incredibles', 'super', 'best', 'family', 'day', 'power', 'bob', 'bird']","['world', 'fold', 'bond', 'bob', 'level', 'guy', 'kid', 'cartoon', 'helen', 'real']","['incredibles', 'incredible', 'family', 'mr', 'animate', 'animation', 'character', 'bird', 'great', 'really']","['story', 'pixar', 'character', 'incredibles', 'great', 'good', 'animation', 'animate', 'like', 'look']"
tt0347149,Howl's Moving Castle,"Animation, Adventure, Family, Fantasy",family,"['howl', 'castle', 'story', 'miyazaki', 'sophie', 'character', 'jones', 'book', 'work', 'great']","['howl', 'look', 'miyazaki', 'old', 'sophie', 'great', 'away', 'time', 'story', 'young']","['character', 'make', 'miyazakis', 'world', 'miyazaki', 'howl', 'film', 'way', 'spirit', 'stun']","['howl', 'fan', 'miyazaki', 'castle', 'jones', 'character', 'best', 'sophie', 'movie', 'especially']","['character', 'thing', 'howl', 'like', 'old', 'watch', 'feel', 'time', 'come', 'sophie']"
tt0892769,How to Train Your Dragon,"Animation, Action, Adventure, Family, Fantasy",family,"['dragon', 'hiccup', 'story', 'great', 'viking', 'character', 'life', 'train', 'like', 'best']","['dragon', 'story', 'father', 'son', 'animation', 'make', 'viking', 'like', 'tale', 'animate']","['dragon', 'hiccup', 'viking', 'toothless', 'animation', 'character', 'best', 'feel', 'make', 'new']","['dragon', 'book', 'character', 'train', 'viking', 'hiccup', 'know', 'think', 'end', 'make']","['animation', 'watch', 'movie', 'great', 'year', 'love', 'time', 'dragon', 'train', 'amaze']"
tt0986264,Like Stars on Earth,"Drama, Family",family,"['child', 'make', 'life', 'aamir', 'kid', 'parent', 'like', 'thing', 'way', 'think']","['kid', 'saw', 'ishaan', 'world', 'life', 'people', 'way', 'class', 'like', 'school']","['scene', 'aamir', 'really', 'khan', 'dont', 'par', 'zameen', 'watch', 'fantasy', 'darsheel']","['zameen', 'par', 'taare', 'aamir', 'audience', 'children', 'truly', 'child', 'make', 'subject']","['child', 'come', 'khan', 'zameen', 'time', 'taare', 'great', 'feel', 'par', 'way']"
tt1028532,Hachi: A Dog's Tale,"Drama, Family",family,"['really', 'im', 'stop', 'thought', 'sure', 'glad', 'minute', 'recommend', 'emotional', 'like']","['dog', 'story', 'love', 'hachi', 'think', 'loyalty', 'wait', 'make', 'time', 'year']","['character', 'love', 'dog', 'really', 'touch', 'hachiko', 'richard', 'gere', 'bit', 'roemer']","['dog', 'people', 'make', 'eye', 'dont', 'sad', 'tear', 'want', 'big', 'think']","['story', 'dog', 'hachiko', 'love', 'year', 'station', 'time', 'life', 'wait', 'ueno']"
tt1865505,Song of the Sea,"Animation, Adventure, Drama, Family, Fantasy",family,"['story', 'animate', 'sea', 'song', 'make', 'beautiful', 'moore', 'animation', 'ben', 'character']","['story', 'sea', 'song', 'animation', 'mother', 'like', 'irish', 'character', 'watch', 'loss']","['make', 'animation', 'story', 'watch', 'say', 'magic', 'animate', 'best', 'beautiful', 'sound']","['sea', 'ben', 'sister', 'song', 'mother', 'come', 'set', 'animation', 'year', 'ocean']","['sea', 'love', 'make', 'character', 'saoirse', 'animation', 'turn', 'selkie', 'song', 'story']"
tt2543472,Wonder,"Drama, Family",family,"['auggie', 'real', 'kid', 'people', 'world', 'life', 'day', 'wonder', 'child', 'actor']","['book', 'love', 'story', 'really', 'great', 'point', 'actor', 'make', 'true', 'know']","['school', 'life', 'auggie', 'support', 'deformity', 'story', 'thats', 'little', 'child', 'bully']","['holiday', 'christmas', 'like', 'view', 'know', 'wonder', 'say', 'fit', 'warm', 'joyous']","['auggie', 'like', 'story', 'kid', 'bully', 'character', 'wonder', 'friend', 'feel', 'family']"
tt0053946,Inherit the Wind,"Biography, Drama, History",history,"['tracy', 'trial', 'march', 'play', 'character', 'monkey', 'fredric', 'scope', 'instead', 'york']","['spencer', 'make', 'tracy', 'perfect', 'science', 'like', 'christian', 'religion', 'american', 'evolution']","['make', 'trial', 'tracy', 'inherit', 'character', 'like', 'wind', 'kramer', 'time', 'think']","['act', 'time', 'faith', 'make', 'trial', 'march', 'hollywood', 'movie', 'use', 'right']","['march', 'performance', 'time', 'great', 'act', 'tracy', 'simply', 'good', 'actor', 'spencer']"
tt0057115,The Great Escape,"Adventure, Drama, History, Thriller, War",history,"['james', 'great', 'escape', 'steve', 'donald', 'time', 'actor', 'good', 'star', 'bronson']","['make', 'escape', 'american', 'camp', 'great', 'british', 'german', 'war', 'officer', 'james']","['escape', 'great', 'german', 'officer', 'prisoner', 'british', 'make', 'camp', 'plan', 'try']","['escape', 'great', 'like', 'character', 'pow', 'camp', 'nazi', 'german', 'war', 'steve']","['escape', 'james', 'great', 'mcqueen', 'camp', 'garner', 'scene', 'american', 'bronson', 'cast']"
tt0060107,Andrei Rublev,"Biography, Drama, History",history,"['russian', 'people', 'rublev', 'andrei', 'humanity', 'watch', 'time', 'like', 'cinema', 'god']","['rublev', 'like', 'tarkovsky', 'andrei', 'watch', 'people', 'come', 'hour', 'say', 'film']","['tarkovsky', 'andrei', 'scene', 'time', 'work', 'rublev', 'great', 'russia', 'bell', 'movie']","['scene', 'work', 'art', 'hard', 'make', 'like', 'bell', 'prepared', 'spiritual', 'require']","['tarkovsky', 'rublev', 'art', 'make', 'andrei', 'life', 'film', 'work', 'artist', 'great']"
tt0072684,Barry Lyndon,"Adventure, Drama, History, War",history,"['kubrick', 'like', 'story', 'barry', 'time', 'make', 'watch', 'film', 'way', 'narrative']","['kubrick', 'lyndon', 'barry', 'time', 'ryan', 'character', 'watch', 'john', 'mention', 'create']","['kubrick', 'best', 'look', 'make', 'lyndon', 'barry', 'stanley', 'masterpiece', 'scene', 'light']","['kubrick', 'barry', 'man', 'lyndon', 'make', 'novel', 'character', 'great', 'time', 'director']","['barry', 'kubrick', 'lyndon', 'duel', 'character', 'time', 'make', 'novel', 'like', 'scene']"
tt0086879,Amadeus,"Biography, Drama, History, Music",history,"['mozart', 'salieri', 'amadeus', 'music', 'life', 'great', 'composer', 'know', 'watch', 'abraham']","['mozart', 'music', 'salieri', 'play', 'like', 'genius', 'abraham', 'opera', 'forman', 'scene']","['mozart', 'amadeus', 'great', 'director', 'music', 'genius', 'milo', 'foreman', 'film', 'composer']","['production', 'brings', 'superb', 'quite', 'feel', 'fine', 'religious', 'mixed', 'include', 'bit']","['mozart', 'music', 'salieri', 'scene', 'like', 'make', 'life', 'excellent', 'film', 'great']"
tt0101640,Raise the Red Lantern,"Drama, History, Romance",history,"['film', 'know', 'woman', 'world', 'face', 'time', 'make', 'wife', 'thing', 'character']","['lantern', 'like', 'red', 'act', 'set', 'songlian', 'raise', 'story', 'rich', 'life']","['master', 'mistress', 'songlian', 'woman', 'lantern', 'house', 'privilege', 'man', 'life', 'red']","['wife', 'master', 'lantern', 'red', 'songlian', 'raise', 'woman', 'character', 'life', 'li']","['face', 'story', 'cinema', 'let', 'film', 'character', 'background', 'completely', 'music', 'chinese']"
tt0108052,Schindler's List,"Biography, Drama, History",history,"['like', 'great', 'make', 'camera', 'simply', 'schindlers', 'tell', 'story', 'know', 'german']","['make', 'schindlers', 'spielberg', 'time', 'list', 'great', 'oskar', 'business', 'movie', 'holocaust']","['jew', 'schindler', 'schindlers', 'oscar', 'make', 'holocaust', 'list', 'factory', 'spielberg', 'best']","['scene', 'watch', 'time', 'like', 'spielberg', 'thing', 'eye', 'picture', 'life', 'year']","['propaganda', 'make', 'great', 'spielberg', 'human', 'people', 'best', 'time', 'need', 'art']"
tt0112573,Braveheart,"Biography, Drama, History, War",history,"['wallace', 'gibson', 'scene', 'scottish', 'english', 'great', 'william', 'time', 'mel', 'make']","['wallace', 'braveheart', 'english', 'gibson', 'scottish', 'scotland', 'william', 'story', 'edward', 'battle']","['wallace', 'freedom', 'watch', 'wife', 'act', 'add', 'saw', 'truly', 'highly', 'captivate']","['mel', 'gibson', 'wonderful', 'plus', 'watch', 'oscar', 'character', 'incredible', 'simply', 'say']","['wallace', 'english', 'work', 'bridge', 'scottish', 'edward', 'gibson', 'battle', 'story', 'yes']"
tt0363163,Downfall,"Biography, Drama, History, War",history,"['hitler', 'people', 'german', 'look', 'war', 'think', 'goebbels', 'child', 'man', 'know']","['hitler', 'german', 'people', 'day', 'bunker', 'war', 'berlin', 'make', 'ganz', 'watch']","['hitler', 'human', 'evil', 'people', 'nazi', 'man', 'make', 'german', 'untergang', 'der']","['minute', 'set', 'edge', 'st', 'absolutely', 'intense', 'idea', 'create', 'superb', 'act']","['hitler', 'make', 'human', 'say', 'watch', 'jung', 'end', 'berlin', 'character', 'german']"
tt0395169,Hotel Rwanda,"Biography, Drama, History, War",history,"['make', 'rwanda', 'people', 'genocide', 'know', 'happen', 'good', 'hero', 'true', 'way']","['hotel', 'rwanda', 'paul', 'people', 'hutu', 'george', 'tutsi', 'cheadle', 'nation', 'moment']","['rwanda', 'mr', 'cheadle', 'hard', 'man', 'george', 'play', 'paul', 'performance', 'hotel']","['people', 'involve', 'real', 'way', 'carnage', 'help', 'powerful', 'ask', 'youre', 'hand']","['hotel', 'rwanda', 'story', 'genocide', 'say', 'make', 'paul', 'feel', 'true', 'fact']"
tt2024544,12 Years a Slave,"Biography, Drama, History",history,"['slavery', 'people', 'story', 'black', 'white', 'mcqueen', 'good', 'work', 'human', 'shot']","['like', 'life', 'work', 'cleanse', 'kid', 'evil', 'good', 'watch', 'world', 'scene']","['slave', 'year', 'make', 'solomon', 'northup', 'watch', 'slavery', 'say', 'scene', 'time']","['slave', 'solomon', 'year', 'character', 'slavery', 'scene', 'man', 'make', 'feel', 'know']","['slave', 'depict', 'character', 'northup', 'moment', 'fassbender', 'star', 'year', 'half', 'brad']"
tt2119532,Hacksaw Ridge,"Biography, Drama, History, War",history,"['hero', 'soldier', 'story', 'japanese', 'rope', 'ladder', 'ridge', 'real', 'sergeant', 'half']","['story', 'gibson', 'mel', 'know', 'let', 'hacksaw', 'ridge', 'true', 'dos', 'battle']","['make', 'scene', 'guy', 'look', 'like', 'say', 'let', 'naked', 'character', 'check']","['dos', 'war', 'battle', 'journey', 'horror', 'audience', 'role', 'violence', 'army', 'true']","['war', 'dos', 'ridge', 'story', 'hacksaw', 'gibson', 'film', 'garfield', 'life', 'scene']"
tt0010323,The Cabinet of Dr. Caligari,"Fantasy, Horror, Mystery, Thriller",horror,"['story', 'caligari', 'man', 'expressionism', 'francis', 'really', 'german', 'authority', 'end', 'world']","['set', 'scene', 'time', 'story', 'make', 'year', 'really', 'expressionist', 'end', 'feel']","['francis', 'caligari', 'cesare', 'dr', 'like', 'story', 'set', 'alan', 'man', 'german']","['caligari', 'dr', 'film', 'character', 'time', 'silent', 'like', 'picture', 'set', 'motion']","['year', 'twist', 'make', 'dr', 'caligari', 'cinema', 'expressionist', 'great', 'style', 'play']"
tt0046911,Diabolique,"Crime, Drama, Horror, Mystery, Thriller",horror,"['like', 'really', 'twist', 'drama', 'love', 'clouzot', 'watch', 'original', 'felt', 'white']","['end', 'character', 'lot', 'woman', 'come', 'like', 'certain', 'way', 'story', 'thriller']","['nicole', 'michel', 'christina', 'school', 'man', 'suspense', 'clouzot', 'wife', 'mistress', 'appear']","['make', 'clouzot', 'suspense', 'film', 'hitchcock', 'watch', 'plot', 'le', 'story', 'great']","['suspense', 'mystery', 'film', 'story', 'plot', 'french', 'scene', 'diaboliques', 'le', 'thing']"
tt0054215,Psycho,"Horror, Mystery, Thriller",horror,"['psycho', 'horror', 'time', 'norman', 'watch', 'year', 'scene', 'hitchcock', 'bates', 'perkins']","['film', 'best', 'horror', 'time', 'psycho', 'great', 'movie', 'hitchcock', 'watch', 'make']","['make', 'come', 'like', 'end', 'best', 'psycho', 'genius', 'character', 'hitchcock', 'perkins']","['norman', 'like', 'marion', 'make', 'scene', 'come', 'look', 'feel', 'moment', 'thing']","['norman', 'hitchcock', 'psycho', 'scene', 'bates', 'story', 'anthony', 'perkins', 'time', 'marion']"
tt0056687,What Ever Happened to Baby Jane?,"Drama, Horror, Thriller",horror,"['jane', 'davis', 'baby', 'crawford', 'blanch', 'sister', 'joan', 'time', 'make', 'actress']","['jane', 'davis', 'baby', 'bette', 'crawford', 'make', 'blanch', 'sister', 'joan', 'truly']","['jane', 'baby', 'hollywood', 'make', 'davis', 'good', 'crawford', 'joan', 'bette', 'sister']","['davis', 'crawford', 'bette', 'miss', 'actress', 'joan', 'lot', 'best', 'set', 'act']","['jane', 'blanch', 'davis', 'crawford', 'baby', 'end', 'sister', 'character', 'horror', 'make']"
tt0063350,Night of the Living Dead,Horror,horror,"['end', 'film', 'doesnt', 'matter', 'kill', 'human', 'horror', 'happen', 'screen', 'zombie']","['horror', 'film', 'way', 'night', 'dead', 'classic', 'sequel', 'living', 'feel', 'decade']","['table', 'year', 'version', 'color', 'dialog', 'dead', 'hit', 'classic', 'black', 'broadcast']","['make', 'character', 'horror', 'house', 'effect', 'budget', 'point', 'great', 'romero', 'dead']","['zombie', 'horror', 'dead', 'film', 'living', 'make', 'time', 'night', 'romero', 'movie']"
tt0063522,Rosemary's Baby,"Drama, Horror",horror,"['rosemary', 'guy', 'horror', 'end', 'like', 'building', 'roman', 'bramford', 'make', 'devil']","['rosemary', 'baby', 'make', 'horror', 'polanski', 'farrow', 'mia', 'like', 'roman', 'atmosphere']","['rosemary', 'film', 'horror', 'come', 'baby', 'polanski', 'really', 'time', 'present', 'audience']","['rosemary', 'make', 'watch', 'neighbor', 'real', 'way', 'life', 'new', 'horror', 'mia']","['rosemary', 'farrow', 'polanskis', 'shes', 'create', 'pregnant', 'polanski', 'paranoia', 'performance', 'mia']"
tt0070047,The Exorcist,Horror,horror,"['shock', 'year', 'people', 'good', 'story', 'great', 'movie', 'feel', 'masterpiece', 'dont']","['horror', 'good', 'watch', 'terrify', 'feel', 'make', 'way', 'scene', 'film', 'effect']","['performance', 'girl', 'young', 'demon', 'terrify', 'character', 'possess', 'like', 'exorcist', 'beautiful']","['exorcist', 'effect', 'horror', 'sound', 'demon', 'fear', 'use', 'light', 'scene', 'thrill']","['exorcist', 'father', 'regan', 'make', 'time', 'horror', 'karras', 'film', 'know', 'blair']"
tt0077402,Dawn of the Dead,"Horror, Thriller",horror,"['zombie', 'dead', 'horror', 'great', 'mall', 'dawn', 'like', 'living', 'time', 'night']","['romero', 'zombie', 'horror', 'dead', 'dawn', 'trilogy', 'mall', 'gore', 'great', 'make']","['zombie', 'dead', 'make', 'mall', 'dawn', 'watch', 'people', 'romero', 'time', 'gore']","['zombie', 'horror', 'dead', 'mall', 'dawn', 'film', 'like', 'review', 'make', 'night']","['dead', 'dawn', 'great', 'make', 'watch', 'kill', 'alien', 'inside', 'effect', 'death']"
tt0078748,Alien,"Horror, Sci-Fi",horror,"['alien', 'make', 'scott', 'crew', 'ship', 'time', 'like', 'film', 'great', 'kane']","['alien', 'scene', 'make', 'best', 'scifi', 'watch', 'time', 'like', 'character', 'learn']","['alien', 'ship', 'fiction', 'science', 'like', 'make', 'crew', 'horror', 'life', 'look']","['alien', 'crew', 'make', 'horror', 'character', 'film', 'like', 'great', 'good', 'feel']","['alien', 'film', 'cast', 'ship', 'scifi', 'weaver', 'character', 'fiction', 'science', 'level']"
tt0081505,The Shining,"Drama, Horror",horror,"['character', 'scene', 'film', 'good', 'story', 'kubrick', 'want', 'pace', 'filmmaker', 'purpose']","['jack', 'kubrick', 'shin', 'story', 'nicholson', 'book', 'king', 'novel', 'thing', 'time']","['jack', 'book', 'hotel', 'thought', 'say', 'novel', 'time', 'make', 'mind', 'great']","['jack', 'kubrick', 'horror', 'like', 'shin', 'love', 'way', 'make', 'hotel', 'nicholson']","['jack', 'shin', 'horror', 'make', 'like', 'danny', 'kubrick', 'hotel', 'film', 'work']"
tt0084787,The Thing,"Horror, Mystery, Sci-Fi",horror,"['thing', 'gore', 'strong', 'different', 'men', 'scary', 'score', 'completely', 'start', 'right']","['thing', 'carpenter', 'make', 'horror', 'john', 'alien', 'film', 'great', 'time', 'good']","['thing', 'carpenter', 'best', 'horror', 'make', 'effect', 'alien', 'john', 'year', 'film']","['truly', 'thing', 'carpenter', 'creature', 'horror', 'paranoia', 'character', 'group', 'watch', 'john']","['carpenter', 'scene', 'group', 'time', 'follow', 'effect', 'line', 'john', 'tone', 'thats']"
tt0156887,Perfect Blue,"Animation, Horror, Mystery, Thriller",horror,"['woman', 'blue', 'perfect', 'mima', 'film', 'culture', 'mimas', 'reality', 'anime', 'satoshi']","['hitchcock', 'watch', 'rape', 'film', 'like', 'look', 'murder', 'real', 'say', 'know']","['perfect', 'blue', 'mima', 'anime', 'animation', 'thriller', 'really', 'image', 'doesnt', 'make']","['mima', 'blue', 'like', 'perfect', 'anime', 'mimas', 'try', 'pop', 'act', 'film']","['perfect', 'blue', 'story', 'anime', 'animation', 'fan', 'make', 'mima', 'good', 'like']"
tt0365748,Shaun of the Dead,"Comedy, Horror",horror,"['shaun', 'dead', 'zombie', 'time', 'comedy', 'horror', 'pegg', 'work', 'dont', 'loser']","['shaun', 'good', 'dead', 'make', 'horror', 'comedy', 'zombie', 'reference', 'movie', 'character']","['shaun', 'zombie', 'dead', 'time', 'living', 'film', 'pegg', 'horror', 'comedy', 'simon']","['watch', 'people', 'actor', 'problem', 'waste', 'way', 'review', 'smile', 'make', 'poor']","['good', 'time', 'really', 'bad', 'dead', 'shaun', 'space', 'british', 'make', 'comedy']"
tt0032138,The Wizard of Oz,"Adventure, Family, Fantasy, Musical",musical,"['oz', 'wizard', 'make', 'like', 'time', 'im', 'story', 'color', 'view', 'effect']","['great', 'character', 'watch', 'time', 'song', 'film', 'oz', 'story', 'like', 'remember']","['wicked', 'wizard', 'witch', 'oz', 'classic', 'look', 'little', 'brain', 'heart', 'make']","['girl', 'forever', 'unforgettable', 'wondrous', 'stand', 'performance', 'photography', 'memorable', 'beautifully', 'arlen']","['oz', 'wizard', 'dorothy', 'make', 'garland', 'place', 'character', 'year', 'story', 'child']"
tt0045152,Singin' in the Rain,"Comedy, Musical, Romance",musical,"['musical', 'kelly', 'number', 'rain', 'dance', 'song', 'best', 'singin', 'make', 'reynolds']","['musical', 'rain', 'dance', 'hollywood', 'number', 'sing', 'broadway', 'singin', 'love', 'make']","['kelly', 'dance', 'number', 'musical', 'gene', 'best', 'good', 'oconnor', 'reynolds', 'great']","['thing', 'gene', 'screenplay', 'great', 'make', 'kelly', 'script', 'direction', 'comment', 'green']","['rain', 'kelly', 'musical', 'lockwood', 'make', 'dance', 'number', 'great', 'sing', 'lamont']"
tt0059742,The Sound of Music,"Biography, Drama, Family, Musical, Romance",musical,"['maria', 'music', 'song', 'von', 'trapp', 'musical', 'sound', 'make', 'love', 'great']","['watch', 'andrew', 'julie', 'sound', 'song', 'music', 'ive', 'write', 'hand', 'grown']","['musical', 'make', 'music', 'sound', 'watch', 'best', 'andrew', 'story', 'great', 'film']","['music', 'family', 'sound', 'best', 'song', 'trapp', 'child', 'maria', 'love', 'story']","['musical', 'von', 'captain', 'song', 'trapp', 'andrew', 'evry', 'definitely', 'julie', 'year']"
tt0067093,Fiddler on the Roof,"Drama, Family, Musical, Romance",musical,"['roof', 'best', 'daughter', 'tevye', 'fiddler', 'broadway', 'like', 'come', 'jewish', 'score']","['roof', 'fiddler', 'musical', 'song', 'tradition', 'make', 'love', 'character', 'change', 'music']","['jewison', 'fiddler', 'story', 'great', 'tevye', 'roof', 'set', 'jewish', 'course', 'shot']","['musical', 'jewison', 'fiddler', 'like', 'play', 'great', 'best', 'village', 'roof', 'story']","['tevye', 'daughter', 'story', 'jewish', 'love', 'song', 'musical', 'poor', 'marry', 'great']"
tt0073707,Sholay,"Action, Adventure, Comedy, Drama, Musical, Thriller",musical,"['indian', 'make', 'character', 'gabbar', 'cinema', 'sholay', 'great', 'year', 'singh', 'music']","['bollywood', 'great', 'western', 'best', 'movie', 'sholay', 'true', 'masterpiece', 'american', 'good']","['sholay', 'world', 'make', 'audience', 'consider', 'argue', 'total', 'success', 'thing', 'human']","['great', 'best', 'film', 'singh', 'watch', 'really', 'act', 'know', 'come', 'amitabh']","['make', 'indian', 'great', 'action', 'life', 'movie', 'bollywood', 'good', 'time', 'character']"
tt0084503,Pink Floyd: The Wall,"Animation, Drama, Fantasy, Music, Musical",musical,"['album', 'time', 'watch', 'like', 'wall', 'really', 'pink', 'people', 'story', 'great']","['pink', 'wall', 'floyd', 'star', 'rock', 'music', 'mind', 'think', 'time', 'parker']","['pink', 'wall', 'world', 'really', 'time', 'like', 'floyd', 'make', 'life', 'great']","['pink', 'make', 'human', 'music', 'rock', 'wall', 'love', 'like', 'man', 'album']","['wall', 'pink', 'album', 'music', 'floyd', 'truth', 'rock', 'begin', 'tell', 'parker']"
tt0101414,Beauty and the Beast,"Animation, Family, Fantasy, Musical, Romance",musical,"['beast', 'beauty', 'belle', 'disney', 'love', 'song', 'animation', 'character', 'great', 'castle']","['beast', 'disney', 'belle', 'character', 'make', 'beautiful', 'story', 'quite', 'animation', 'best']","['belle', 'life', 'beast', 'father', 'girl', 'story', 'stay', 'big', 'people', 'object']","['beast', 'disney', 'movie', 'love', 'beauty', 'classic', 'story', 'time', 'bell', 'perfect']","['disney', 'beast', 'best', 'song', 'belle', 'beauty', 'time', 'make', 'character', 'animation']"
tt0103639,Aladdin,"Animation, Adventure, Comedy, Family, Fantasy, Musical, Romance",musical,"['voice', 'disney', 'great', 'character', 'like', 'genie', 'robin', 'williams', 'song', 'think']","['great', 'genie', 'aladdin', 'disney', 'jafar', 'good', 'love', 'cave', 'animation', 'jasmine']","['aladdin', 'jafar', 'williams', 'lamp', 'disney', 'robin', 'genie', 'princess', 'movie', 'street']","['line', 'disney', 'good', 'best', 'story', 'genie', 'dvd', 'original', 'comic', 'robin']","['aladdin', 'disney', 'like', 'jafar', 'love', 'make', 'story', 'song', 'williams', 'time']"
tt0107688,The Nightmare Before Christmas,"Animation, Family, Fantasy, Musical",musical,"['jack', 'christmas', 'town', 'halloween', 'character', 'love', 'year', 'time', 'style', 'burton']","['jack', 'burton', 'christmas', 'year', 'holiday', 'nightmare', 'halloween', 'character', 'selick', 'work']","['christmas', 'song', 'nightmare', 'like', 'jack', 'character', 'halloween', 'child', 'holiday', 'animation']","['christmas', 'town', 'halloween', 'jack', 'story', 'make', 'burton', 'child', 'year', 'song']","['christmas', 'burton', 'nightmare', 'character', 'jack', 'make', 'tim', 'animation', 'story', 'thing']"
tt0168629,Dancer in the Dark,"Crime, Drama, Musical",musical,"['character', 'like', 'right', 'watch', 'selma', 'make', 'dont', 'really', 'musical', 'movie']","['musical', 'love', 'really', 'thing', 'bjork', 'make', 'trier', 'von', 'music', 'story']","['selma', 'von', 'trier', 'character', 'camera', 'musical', 'audience', 'scene', 'lars', 'dancer']","['make', 'say', 'people', 'minute', 'bjork', 'happy', 'walk', 'musical', 'lead', 'shot']","['selma', 'im', 'think', 'story', 'know', 'moment', 'need', 'character', 'bjork', 'style']"
tt0169102,Lagaan: Once Upon a Time in India,"Adventure, Drama, Musical, Sport",musical,"['plot', 'like', 'game', 'bollywood', 'time', 'song', 'run', 'really', 'make', 'cricket']","['love', 'long', 'sport', 'khan', 'awesome', 'time', 'film', 'village', 'indian', 'like']","['indian', 'character', 'british', 'like', 'love', 'make', 'cricket', 'lagaan', 'khan', 'song']","['cricket', 'movie', 'lagaan', 'british', 'love', 'indian', 'year', 'india', 'dont', 'tax']","['cricket', 'song', 'match', 'game', 'english', 'year', 'bhuvan', 'aamir', 'musical', 'play']"
tt3783958,La La Land,"Comedy, Drama, Music, Musical, Romance",musical,"['musical', 'chazelle', 'stone', 'number', 'like', 'damien', 'audition', 'great', 'le', 'hollywood']","['dream', 'jazz', 'dance', 'love', 'make', 'song', 'pianist', 'good', 'music', 'story']","['la', 'musical', 'land', 'hollywood', 'make', 'city', 'like', 'mia', 'dream', 'love']","['hollywood', 'gosling', 'story', 'jazz', 'character', 'like', 'love', 'stone', 'musical', 'dance']","['la', 'musical', 'gosling', 'make', 'love', 'land', 'stone', 'film', 'dance', 'number']"
tt0036775,Double Indemnity,"Crime, Drama, Film-Noir, Mystery, Thriller",mystery,"['macmurray', 'stanwyck', 'best', 'bos', 'insurance', 'come', 'like', 'woman', 'money', 'thriller']","['walter', 'phyllis', 'neff', 'man', 'insurance', 'indemnity', 'time', 'noir', 'make', 'double']","['wilder', 'murder', 'character', 'classic', 'noir', 'insurance', 'billy', 'neff', 'macmurray', 'love']","['make', 'chandler', 'story', 'film', 'know', 'walter', 'character', 'wilder', 'way', 'time']","['stanwyck', 'macmurray', 'indemnity', 'performance', 'double', 'robinson', 'think', 'role', 'wilder', 'good']"
tt0047396,Rear Window,"Mystery, Thriller",mystery,"['time', 'grace', 'think', 'film', 'kelly', 'watch', 'stewart', 'help', 'actually', 'year']","['stewart', 'window', 'hitchcock', 'character', 'apartment', 'rear', 'kelly', 'watch', 'jeff', 'grace']","['camera', 'world', 'hitchcock', 'story', 'character', 'rw', 'movie', 'time', 'engage', 'like']","['character', 'apartment', 'window', 'hitchcock', 'great', 'lb', 'classic', 'rear', 'let', 'like']","['hitchcock', 'window', 'rear', 'movie', 'time', 'stewart', 'watch', 'look', 'age', 'like']"
tt0051201,Witness for the Prosecution,"Crime, Drama, Film-Noir, Mystery, Thriller",mystery,"['story', 'laughton', 'dietrich', 'wilder', 'christie', 'power', 'make', 'witness', 'vole', 'prosecution']","['sir', 'story', 'wilfred', 'power', 'vole', 'say', 'tyrone', 'year', 'marlene', 'like']","['billy', 'play', 'power', 'movie', 'prosecution', 'witness', 'christie', 'film', 'story', 'include']","['laughton', 'story', 'christie', 'plot', 'charles', 'classical', 'power', 'surprise', 'character', 'make']","['laughton', 'power', 'make', 'dietrich', 'tyrone', 'watch', 'charles', 'end', 'play', 'plot']"
tt0052357,Vertigo,"Mystery, Romance, Thriller",mystery,"['vertigo', 'hitchcock', 'like', 'time', 'love', 'stewart', 'mystery', 'maybe', 'way', 'character']","['vertigo', 'film', 'hitchcock', 'know', 'year', 'kim', 'great', 'novak', 'stewart', 'dont']","['scottie', 'madeleine', 'vertigo', 'hitchcock', 'ferguson', 'judy', 'love', 'time', 'stewart', 'carlotta']","['hitchcock', 'stewart', 'color', 'scene', 'vertigo', 'scottie', 'make', 'like', 'great', 'work']","['stewart', 'vertigo', 'hitchcock', 'novak', 'time', 'make', 'great', 'obsession', 'kim', 'bel']"
tt0053125,North by Northwest,"Adventure, Mystery, Thriller",mystery,"['grant', 'hitchcock', 'say', 'saint', 'james', 'bond', 'look', 'suspense', 'run', 'mari']","['north', 'northwest', 'hitchcock', 'make', 'people', 'thornhill', 'way', 'saint', 'good', 'grant']","['scene', 'hitchcock', 'grant', 'thornhill', 'cary', 'mason', 'doesnt', 'like', 'saint', 'james']","['hitchcock', 'grant', 'good', 'best', 'great', 'thornhill', 'character', 'film', 'set', 'eva']","['grant', 'hitchcock', 'understand', 'cary', 'dont', 'scene', 'love', 'spy', 'mason', 'alfred']"
tt0078788,Apocalypse Now,"Drama, Mystery, War",mystery,"['kurtz', 'coppola', 'kurtzs', 'deep', 'horror', 'heart', 'experience', 'force', 'willard', 'war']","['war', 'time', 'make', 'say', 'coppola', 'story', 'vietnam', 'insane', 'scene', 'apocalypse']","['scene', 'make', 'version', 'original', 'war', 'apocalypse', 'willard', 'kurtz', 'end', 'like']","['watch', 'make', 'war', 'think', 'time', 'coppola', 'great', 'brando', 'performance', 'middle']","['war', 'coppola', 'willard', 'kurtz', 'scene', 'apocalypse', 'make', 'soldier', 'sheen', 'great']"
tt0209144,Memento,"Mystery, Thriller",mystery,"['leonard', 'memory', 'memento', 'make', 'know', 'way', 'remember', 'like', 'character', 'truth']","['leonard', 'lenny', 'plot', 'end', 'wife', 'memory', 'man', 'kill', 'character', 'way']","['leonard', 'character', 'time', 'make', 'scene', 'memento', 'like', 'memory', 'main', 'think']","['lenny', 'condition', 'lennys', 'memory', 'important', 'teddy', 'film', 'sammy', 'viewer', 'story']","['memento', 'film', 'story', 'help', 'condition', 'finally', 'original', 'viewer', 'style', 'discover']"
tt0245429,Spirited Away,"Animation, Adventure, Family, Fantasy, Mystery",mystery,"['story', 'spirit', 'chihiro', 'like', 'away', 'work', 'animation', 'make', 'world', 'character']","['watch', 'english', 'sound', 'big', 'screen', 'dvd', 'language', 'japanese', 'art', 'rent']","['really', 'away', 'dont', 'spirit', 'understand', 'feel', 'like', 'masterpiece', 'point', 'make']","['spirit', 'character', 'chihiro', 'story', 'world', 'away', 'animation', 'time', 'miyazaki', 'turn']","['away', 'movie', 'spirit', 'disney', 'like', 'miyazaki', 'watch', 'way', 'animation', 'film']"
tt0364569,Oldboy,"Action, Drama, Mystery, Thriller",mystery,"['chocolate', 'movie', 'oldboy', 'watch', 'plot', 'best', 'comment', 'people', 'think', 'violence']","['make', 'best', 'especially', 'oldboy', 'scene', 'revenge', 'amaze', 'simply', 'feel', 'korean']","['plot', 'oldboy', 'watch', 'work', 'vengeance', 'make', 'film', 'old', 'boy', 'time']","['really', 'daesu', 'dont', 'make', 'like', 'think', 'plot', 'violence', 'bad', 'watch']","['year', 'like', 'oh', 'man', 'korean', 'come', 'murder', 'kept', 'prison', 'daesoo']"
tt0482571,The Prestige,"Drama, Mystery, Sci-Fi, Thriller",mystery,"['magician', 'movie', 'watch', 'time', 'think', 'jackman', 'twist', 'prestige', 'century', 'year']","['prestige', 'magic', 'nolan', 'character', 'act', 'story', 'time', 'bale', 'performance', 'christopher']","['watch', 'best', 'story', 'make', 'plot', 'obsession', 'twist', 'bale', 'prestige', 'character']","['tesla', 'angier', 'borden', 'bordens', 'viewer', 'make', 'edison', 'time', 'watch', 'nolan']","['magician', 'play', 'borden', 'angier', 'trick', 'character', 'nolan', 'work', 'role', 'make']"
tt1255953,Incendies,"Drama, Mystery, War",mystery,"['shot', 'like', 'watch', 'story', 'good', 'end', 'time', 'make', 'incendies', 'arab']","['mother', 'truth', 'bus', 'child', 'son', 'reveal', 'letter', 'terrorist', 'war', 'end']","['mother', 'middle', 'life', 'simon', 'jeanne', 'twin', 'like', 'east', 'son', 'father']","['incendies', 'villeneuve', 'war', 'story', 'scene', 'end', 'time', 'really', 'make', 'character']","['film', 'say', 'drama', 'event', 'happen', 'best', 'tragedy', 'play', 'real', 'think']"
tt0015324,Sherlock Jr.,"Action, Comedy, Romance",romance,"['keaton', 'jr', 'silent', 'time', 'buster', 'really', 'comedy', 'thing', 'character', 'screen']","['keaton', 'comedy', 'like', 'best', 'film', 'jr', 'time', 'make', 'movie', 'great']","['keaton', 'today', 'watch', 'add', 'effect', 'window', 'far', 'start', 'like', 'soundtrack']","['keaton', 'buster', 'make', 'sherlock', 'dream', 'scene', 'chaplin', 'jr', 'watch', 'detective']","['keaton', 'buster', 'sherlock', 'jr', 'great', 'film', 'comedy', 'shot', 'detective', 'best']"
tt0034583,Casablanca,"Drama, Romance, War",romance,"['rick', 'classic', 'end', 'probably', 'thing', 'make', 'dont', 'great', 'peary', 'love']","['rick', 'casablanca', 'german', 'make', 'great', 'scene', 'love', 'time', 'story', 'bogart']","['casablanca', 'bogart', 'make', 'time', 'bergman', 'rick', 'love', 'great', 'best', 'classic']","['casablanca', 'rick', 'like', 'watch', 'character', 'time', 'ilsa', 'thing', 'way', 'make']","['dalio', 'film', 'man', 'face', 'time', 'bogart', 'great', 'madeleine', 'marcel', 'shock']"
tt0040725,The Red Shoes,"Drama, Music, Romance",romance,"['red', 'make', 'shoe', 'picture', 'creative', 'story', 'classic', 'work', 'dancer', 'ballet']","['ballet', 'red', 'shoe', 'story', 'make', 'dance', 'work', 'film', 'shearer', 'dancer']","['ballet', 'red', 'shoe', 'lermontov', 'shearer', 'craster', 'moira', 'victoria', 'love', 'scene']","['ballet', 'art', 'vicky', 'shoe', 'lermontov', 'red', 'time', 'boris', 'walbrook', 'dance']","['ballet', 'beautifully', 'red', 'love', 'production', 'world', 'great', 'time', 'make', 'film']"
tt0050986,Wild Strawberries,"Drama, Romance",romance,"['isak', 'man', 'old', 'year', 'time', 'lund', 'age', 'long', 'past', 'trip']","['bergman', 'old', 'professor', 'man', 'dream', 'life', 'year', 'borg', 'past', 'make']","['bergman', 'like', 'wild', 'strawberry', 'isak', 'time', 'say', 'dream', 'think', 'people']","['bergman', 'life', 'professor', 'end', 'strawberry', 'borg', 'academic', 'wild', 'emotional', 'like']","['isak', 'life', 'point', 'wild', 'scene', 'make', 'face', 'strawberry', 'watch', 'warm']"
tt0053291,Some Like It Hot,"Comedy, Music, Romance",romance,"['joe', 'comedy', 'jerry', 'band', 'monroe', 'lemmon', 'like', 'daphne', 'curtis', 'wilder']","['like', 'marilyn', 'men', 'sugar', 'hot', 'love', 'monroe', 'girl', 'woman', 'make']","['like', 'hot', 'lemmon', 'comedy', 'curtis', 'jack', 'monroe', 'sugar', 'line', 'tony']","['great', 'time', 'comedy', 'lemmon', 'monroe', 'curtis', 'best', 'joe', 'like', 'spat']","['lemmon', 'curtis', 'make', 'marilyn', 'comedy', 'tony', 'jack', 'like', 'time', 'monroe']"
tt0053604,The Apartment,"Comedy, Drama, Romance",romance,"['comedy', 'like', 'sheldrake', 'character', 'know', 'time', 'cc', 'really', 'think', 'lemmon']","['apartment', 'lemmon', 'comedy', 'baxter', 'best', 'sheldrake', 'maclaine', 'really', 'like', 'jack']","['apartment', 'lemmon', 'wilder', 'baxter', 'make', 'jack', 'like', 'billy', 'feel', 'maclaine']","['wilder', 'apartment', 'lemmon', 'character', 'make', 'macmurray', 'great', 'time', 'maclaine', 'love']","['set', 'office', 'holiday', 'lot', 'make', 'theme', 'infidelity', 'mcclaine', 'high', 'form']"
tt0118843,"Black Cat, White Cat","Comedy, Crime, Romance",romance,"['character', 'cat', 'music', 'funny', 'film', 'white', 'make', 'scene', 'dadan', 'largely']","['cat', 'gypsy', 'black', 'gangster', 'white', 'people', 'life', 'character', 'kusturica', 'time']","['love', 'comedy', 'kusturica', 'warn', 'time', 'gypsy', 'lot', 'man', 'music', 'movie']","['cat', 'time', 'film', 'great', 'people', 'make', 'gypsy', 'watch', 'white', 'know']","['black', 'deal', 'tree', 'son', 'wedding', 'style', 'director', 'run', 'marry', 'want']"
tt0119217,Good Will Hunting,"Drama, Romance",romance,"['good', 'hunt', 'mathematical', 'genius', 'damon', 'script', 'character', 'affleck', 'write', 'ability']","['watch', 'sure', 'script', 'ben', 'time', 'matt', 'way', 'like', 'cinema', 'lot']","['hunt', 'damon', 'like', 'good', 'matt', 'write', 'williams', 'know', 'people', 'make']","['script', 'people', 'character', 'damon', 'affleck', 'good', 'robin', 'best', 'think', 'make']","['life', 'like', 'people', 'love', 'say', 'character', 'williams', 'obstacle', 'genius', 'guy']"
tt0211915,Amélie,"Comedy, Romance",romance,"['way', 'simply', 'life', 'people', 'amelie', 'shes', 'want', 'make', 'im', 'charm']","['amelie', 'life', 'make', 'like', 'movie', 'time', 'thing', 'love', 'people', 'amélie']","['time', 'jeanpierre', 'jeunet', 'amelie', 'watch', 'camera', 'amélies', 'amélie', 'shot', 'story']","['amélie', 'poulain', 'want', 'people', 'im', 'paris', 'help', 'love', 'man', 'father']","['like', 'audrey', 'people', 'amelie', 'way', 'film', 'really', 'character', 'story', 'life']"
tt0338013,Eternal Sunshine of the Spotless Mind,"Drama, Romance, Sci-Fi",romance,"['joel', 'clementine', 'memory', 'time', 'love', 'carrey', 'relationship', 'erase', 'winslet', 'mind']","['joel', 'memory', 'clementine', 'love', 'thing', 'like', 'start', 'time', 'try', 'way']","['character', 'way', 'work', 'story', 'world', 'edit', 'felt', 'end', 'spotless', 'eternal']","['memory', 'procedure', 'sunshine', 'character', 'love', 'life', 'story', 'erase', 'entire', 'people']","['like', 'say', 'story', 'eternal', 'sunshine', 'gondry', 'kaufman', 'carrey', 'feel', 'credit']"
tt0456144,"Carry On, Munna Bhai","Comedy, Drama, Romance",romance,"['munnabhai', 'make', 'good', 'watch', 'gandhi', 'scene', 'circuit', 'munna', 'like', 'comedy']","['good', 'watch', 'brilliant', 'like', 'come', 'time', 'bollywood', 'great', 'sanju', 'role']","['watch', 'comedy', 'say', 'like', 'circuit', 'thing', 'character', 'make', 'laugh', 'strong']","['munna', 'bhai', 'lage', 'raho', 'people', 'second', 'character', 'make', 'heart', 'film']","['time', 'great', 'munnabhai', 'gandhi', 'say', 'entertainment', 'create', 'act', 'dutt', 'sanjay']"
tt1305806,The Secret in Their Eyes,"Drama, Mystery, Romance, Thriller",romance,"['great', 'character', 'time', 'story', 'movie', 'foreign', 'argentina', 'perfect', 'best', 'moment']","['esposito', 'campanella', 'eye', 'love', 'best', 'husband', 'director', 'irene', 'story', 'work']","['movie', 'great', 'argentinian', 'simply', 'watch', 'story', 'thriller', 'real', 'act', 'make']","['movie', 'great', 'cinema', 'film', 'ive', 'silence', 'character', 'make', 'love', 'argentinian']","['watch', 'ricardo', 'irene', 'year', 'language', 'benjamin', 'story', 'shot', 'like', 'work']"
tt4016934,The Handmaiden,"Drama, Romance, Thriller",romance,"['plot', 'park', 'work', 'chanwook', 'film', 'kim', 'handmaiden', 'good', 'turn', 'costume']","['scene', 'park', 'story', 'feel', 'character', 'chanwook', 'handmaiden', 'make', 'woman', 'time']","['park', 'story', 'plot', 'handmaiden', 'beautiful', 'moment', 'perfect', 'tale', 'japanese', 'love']","['story', 'handmaiden', 'scene', 'young', 'time', 'character', 'make', 'way', 'girl', 'lady']","['japanese', 'hideko', 'film', 'really', 'park', 'make', 'character', 'watch', 'sookhee', 'time']"
tt0062622,2001: A Space Odyssey,"Adventure, Sci-Fi",sci-fi,"['watch', 'minute', 'space', 'time', 'kubrick', 'end', 'hal', 'like', 'great', 'thing']","['people', 'boring', 'plot', 'watch', 'film', 'say', 'art', 'movie', 'great', 'sequence']","['kubrick', 'like', 'space', 'effect', 'film', 'great', 'time', 'make', 'man', 'best']","['effect', 'boring', 'make', 'film', 'science', 'special', 'great', 'future', 'human', 'kubrick']","['thing', 'think', 'hal', 'tool', 'way', 'computer', 'man', 'dave', 'zarathustra', 'time']"
tt0083658,Blade Runner,"Action, Sci-Fi, Thriller",sci-fi,"['noir', 'deckard', 'effect', 'runner', 'cut', 'director', 'end', 'scott', 'blade', 'require']","['runner', 'blade', 'like', 'saw', 'theater', 'time', 'really', 'make', 'today', 'cut']","['blade', 'runner', 'time', 'best', 'replicants', 'movie', 'question', 'make', 'human', 'strong']","['human', 'runner', 'make', 'like', 'story', 'time', 'blade', 'film', 'theme', 'deckard']","['blade', 'runner', 'like', 'rain', 'look', 'make', 'best', 'scott', 'ford', 'time']"
tt0107290,Jurassic Park,"Action, Adventure, Sci-Fi, Thriller",sci-fi,"['dinosaur', 'park', 'jurassic', 'time', 'great', 'movie', 'make', 'good', 'say', 'watch']","['great', 'time', 'scene', 'love', 'park', 'jurassic', 'film', 'actually', 'incredible', 'book']","['dinosaur', 'park', 'love', 'job', 'wonderful', 'scene', 'character', 'awesome', 'tim', 'really']","['worth', 'masterpiece', 'movie', 'favorite', 'scene', 'match', 'thats', 'extremely', 'really', 'recommend']","['park', 'jurassic', 'dinosaur', 'great', 'say', 'really', 'movie', 'make', 'best', 'watch']"
tt0120382,The Truman Show,"Comedy, Drama, Sci-Fi",sci-fi,"['truman', 'reality', 'world', 'life', 'make', 'town', 'man', 'best', 'character', 'real']","['truman', 'life', 'world', 'make', 'jim', 'actor', 'camera', 'carrey', 'million', 'job']","['truman', 'life', 'world', 'carrey', 'make', 'time', 'like', 'watch', 'know', 'jim']","['reality', 'truman', 'like', 'viewer', 'fiction', 'real', 'world', 'seahaven', 'tv', 'aspect']","['truman', 'great', 'world', 'life', 'jim', 'carrey', 'hollywood', 'thing', 'real', 'entertain']"
tt0434409,V for Vendetta,"Action, Drama, Sci-Fi, Thriller",sci-fi,"['say', 'make', 'portman', 'action', 'weave', 'vendetta', 'like', 'believe', 'story', 'fear']","['vendetta', 'revolution', 'stutler', 'world', 'head', 'pair', 'masked', 'hero', 'entertainment', 'year']","['country', 'political', 'dramatic', 'mask', 'say', 'message', 'act', 'action', 'lead', 'effect']","['character', 'make', 'watch', 'time', 'government', 'action', 'world', 'vendetta', 'film', 'thing']","['character', 'vendetta', 'best', 'movie', 'action', 'watch', 'dont', 'read', 'performance', 'emotional']"
tt1392190,Mad Max: Fury Road,"Action, Adventure, Sci-Fi, Thriller",sci-fi,"['action', 'character', 'film', 'bad', 'max', 'story', 'really', 'great', 'thats', 'time']","['action', 'mad', 'max', 'story', 'scene', 'end', 'character', 'provide', 'performance', 'lot']","['max', 'action', 'mad', 'road', 'miller', 'fury', 'george', 'hardy', 'tom', 'sequence']","['max', 'furiosa', 'action', 'movie', 'work', 'really', 'make', 'return', 'best', 'stunt']","['character', 'max', 'watch', 'action', 'make', 'like', 'movie', 'story', 'great', 'road']"
tt1798709,Her,"Drama, Romance, Sci-Fi",sci-fi,"['love', 'people', 'spike', 'jonze', 'girlfriend', 'jonzes', 'real', 'friend', 'life', 'phone']","['make', 'like', 'love', 'computer', 'theodore', 'samantha', 'beautiful', 'life', 'relationship', 'great']","['story', 'like', 'film', 'human', 'thought', 'character', 'way', 'thing', 'sciencefiction', 'cinematography']","['love', 'technology', 'best', 'mind', 'come', 'johansson', 'allow', 'life', 'voice', 'theme']","['samantha', 'theodore', 'relationship', 'story', 'love', 'human', 'theo', 'life', 'phoenix', 'work']"
tt1856101,Blade Runner 2049,"Action, Drama, Mystery, Sci-Fi, Thriller",sci-fi,"['sequel', 'make', 'blade', 'release', 'runner', 'point', 'guy', 'bad', 'boring', 'say']","['original', 'like', 'make', 'look', 'need', 'actually', 'people', 'film', 'real', 'pace']","['make', 'sequel', 'blade', 'runner', 'world', 'money', 'hollywood', 'original', 'review', 'film']","['make', 'br', 'original', 'music', 'character', 'love', 'long', 'vangelis', 'story', 'film']","['runner', 'blade', 'good', 'story', 'make', 'like', 'work', 'eye', 'sequel', 'original']"
tt1877832,X-Men: Days of Future Past,"Action, Adventure, Sci-Fi, Thriller",sci-fi,"['make', 'xmen', 'mutant', 'say', 'character', 'story', 'time', 'wolverine', 'effect', 'magneto']","['good', 'xmen', 'make', 'great', 'mutant', 'really', 'scene', 'singer', 'bryan', 'movie']","['xmen', 'make', 'watch', 'mystique', 'cast', 'usual', 'think', 'story', 'sense', 'question']","['xmen', 'scene', 'future', 'mutant', 'wolverine', 'action', 'past', 'day', 'xavier', 'great']","['xmen', 'future', 'character', 'past', 'day', 'time', 'wolverine', 'great', 'singer', 'make']"
tt2015381,Guardians of the Galaxy,"Action, Adventure, Comedy, Sci-Fi",sci-fi,"['war', 'star', 'movie', 'like', 'marvel', 'character', 'dont', 'scene', 'hero', 'reference']","['guardian', 'marvel', 'galaxy', 'superhero', 'world', 'unlike', 'human', 'comiccon', 'scifi', 'single']","['guardian', 'marvel', 'character', 'like', 'galaxy', 'really', 'people', 'big', 'say', 'superhero']","['character', 'guardian', 'galaxy', 'time', 'like', 'really', 'marvel', 'watch', 'great', 'quill']","['guardian', 'great', 'galaxy', 'film', 'like', 'comment', 'list', 'joke', 'humour', 'make']"
tt3315342,Logan,"Action, Drama, Sci-Fi, Thriller",sci-fi,"['logan', 'wolverine', 'character', 'hugh', 'story', 'action', 'jackman', 'xmen', 'make', 'great']","['logan', 'wolverine', 'character', 'make', 'jackman', 'action', 'film', 'old', 'xmen', 'like']","['bad', 'good', 'time', 'dont', 'make', 'really', 'old', 'way', 'wasnt', 'people']","['deadpool', 'thank', 'opening', 'door', 'farewell', 'satisfy', 'rrated', 'brutal', 'nostalgia', 'exhilarate']","['logan', 'make', 'comic', 'jackman', 'wolverine', 'kill', 'clone', 'mutant', 'way', 'character']"
tt3659388,The Martian,"Adventure, Drama, Sci-Fi",sci-fi,"['damon', 'mar', 'make', 'like', 'character', 'year', 'scott', 'rocket', 'bad', 'actually']","['watch', 'people', 'money', 'vapid', 'act', 'time', 'think', 'like', 'star', 'insult']","['great', 'crew', 'watney', 'martian', 'damon', 'make', 'ridley', 'good', 'matt', 'scott']","['matt', 'mar', 'make', 'plastic', 'space', 'story', 'character', 'save', 'big', 'look']","['make', 'space', 'mar', 'strand', 'like', 'martian', 'really', 'grow', 'way', 'write']"
tt0054997,The Hustler,"Drama, Sport",sport,"['newman', 'hustler', 'pool', 'fat', 'life', 'eddie', 'make', 'love', 'great', 'performance']","['eddie', 'sarah', 'gordon', 'fast', 'hustler', 'fat', 'pool', 'character', 'hustle', 'eddy']","['character', 'eddie', 'hustler', 'actor', 'way', 'pool', 'great', 'story', 'newman', 'fast']","['worth', 'edit', 'price', 'rossen', 'opportunity', 'hang', 'arrogant', 'drifter', 'screen', 'role']","['newman', 'gleason', 'pool', 'hustler', 'great', 'scott', 'best', 'story', 'character', 'eddie']"
tt0075148,Rocky,"Drama, Sport",sport,"['rocky', 'boxer', 'life', 'boxing', 'people', 'story', 'fight', 'character', 'great', 'stallone']","['rocky', 'stallone', 'boxer', 'shot', 'fight', 'philadelphia', 'originally', 'work', 'meredith', 'offer']","['like', 'love', 'rocky', 'say', 'come', 'great', 'favorite', 'time', 'stallone', 'balboa']","['rocky', 'life', 'mickey', 'like', 'man', 'dream', 'fight', 'doesnt', 'know', 'time']","['rocky', 'stallone', 'life', 'make', 'creed', 'fight', 'adrian', 'act', 'character', 'great']"
tt0081398,Raging Bull,"Biography, Drama, Sport",sport,"['la', 'fight', 'ring', 'motta', 'mottas', 'scorsese', 'make', 'scene', 'boxing', 'use']","['bull', 'rag', 'scorsese', 'make', 'character', 'quality', 'boxing', 'life', 'lamotta', 'say']","['niro', 'best', 'story', 'motta', 'rag', 'la', 'role', 'watch', 'boxer', 'turn']","['scorsese', 'bull', 'rag', 'great', 'best', 'scene', 'niro', 'time', 'boxing', 'performance']","['character', 'know', 'life', 'dont', 'deniro', 'time', 'make', 'like', 'real', 'brando']"
tt0118715,The Big Lebowski,"Comedy, Crime, Sport",sport,"['like', 'funny', 'time', 'great', 'brother', 'coen', 'bridge', 'character', 'laugh', 'comedy']","['good', 'felt', 'scene', 'time', 'touch', 'character', 'talent', 'fine', 'john', 'admit']","['dude', 'character', 'walter', 'scene', 'dont', 'goodman', 'bridge', 'lebowski', 'funny', 'like']","['best', 'lebowski', 'coen', 'like', 'character', 'big', 'brother', 'dude', 'john', 'write']","['good', 'time', 'character', 'say', 'fargo', 'people', 'im', 'thats', 'know', 'absolutely']"
tt0210945,Remember the Titans,"Biography, Drama, Sport",sport,"['football', 'team', 'coach', 'game', 'make', 'time', 'come', 'titan', 'character', 'like']","['event', 'tc', 'truth', 'tiger', 'groveton', 'insult', 'sport', 'school', 'make', 'felt']","['football', 'school', 'coach', 'team', 'high', 'washington', 'williams', 'black', 'white', 'titan']","['titan', 'remember', 'team', 'football', 'coach', 'school', 'washington', 'make', 'black', 'time']","['character', 'disney', 'titan', 'sport', 'movie', 'say', 'make', 'really', 'remember', 'end']"
tt0352248,Cinderella Man,"Biography, Drama, Sport",sport,"['crow', 'story', 'great', 'boxing', 'howard', 'braddock', 'man', 'like', 'russell', 'time']","['depression', 'boxing', 'man', 'fight', 'story', 'real', 'day', 'bottle', 'family', 'make']","['braddock', 'man', 'howard', 'crow', 'great', 'time', 'cinderella', 'film', 'boxing', 'scene']","['hero', 'love', 'man', 'story', 'quite', 'family', 'total', 'minute', 'lot', 'support']","['baer', 'boxing', 'braddock', 'win', 'man', 'make', 'like', 'wife', 'great', 'crow']"
tt0405159,Million Dollar Baby,"Drama, Sport",sport,"['frankie', 'maggie', 'character', 'life', 'story', 'eastwood', 'time', 'boxing', 'swank', 'man']","['maggie', 'frankie', 'eastwood', 'like', 'character', 'dunn', 'story', 'freeman', 'family', 'million']","['character', 'clint', 'swank', 'hillary', 'self', 'felt', 'understand', 'feel', 'eastwoods', 'know']","['eastwood', 'swank', 'maggie', 'freeman', 'frankie', 'baby', 'dollar', 'story', 'boxer', 'performance']","['eastwood', 'million', 'dollar', 'clint', 'baby', 'frankie', 'make', 'maggie', 'actor', 'best']"
tt0412080,The World's Fastest Indian,"Biography, Drama, Sport",sport,"['munro', 'old', 'story', 'bert', 'character', 'make', 'say', 'hopkins', 'motorcycle', 'man']","['burt', 'hopkins', 'munro', 'make', 'dream', 'way', 'world', 'anthony', 'like', 'donaldson']","['character', 'make', 'munro', 'great', 'dream', 'love', 'scene', 'motorcycle', 'hopkins', 'story']","['burt', 'indian', 'new', 'old', 'world', 'story', 'nz', 'achieve', 'zealand', 'donaldson']","['flat', 'racer', 'absolutely', 'real', 'son', 'portrayed', 'read', 'place', 'knew', 'expectation']"
tt0964517,The Fighter,"Biography, Drama, Sport",sport,"['ward', 'bale', 'boxing', 'story', 'brother', 'really', 'fight', 'act', 'actor', 'fighter']","['fighter', 'bale', 'boxing', 'character', 'story', 'wahlberg', 'family', 'performance', 'micky', 'like']","['family', 'brother', 'bale', 'quite', 'dicky', 'boxing', 'micky', 'boxer', 'wahlberg', 'amy']","['family', 'really', 'great', 'story', 'wahlberg', 'bale', 'role', 'scene', 'fight', 'character']","['young', 'turn', 'ive', 'legend', 'include', 'star', 'family', 'work', 'russell', 'drama']"
tt1125849,The Wrestler,"Drama, Sport",sport,"['wrestler', 'rourke', 'character', 'make', 'randy', 'aronofsky', 'mickey', 'good', 'wrestling', 'performance']","['randy', 'wrestler', 'make', 'rourke', 'life', 'really', 'time', 'ram', 'thing', 'tomei']","['wrestler', 'ram', 'wrestling', 'randy', 'work', 'life', 'rourke', 'daughter', 'performance', 'fan']","['penn', 'rourke', 'audience', 'chance', 'gritty', 'sean', 'milk', 'let', 'film', 'performance']","['mickey', 'rourke', 'ram', 'scene', 'aronofsky', 'wrestler', 'evan', 'actor', 'darren', 'character']"
tt1291584,Warrior,"Drama, Sport",sport,"['fight', 'mma', 'nolte', 'drama', 'nick', 'sport', 'watch', 'hardy', 'movie', 'performance']","['feel', 'father', 'like', 'people', 'make', 'really', 'brother', 'end', 'best', 'ive']","['fight', 'warrior', 'fighter', 'hardy', 'family', 'brother', 'mma', 'story', 'edgerton', 'brendan']","['imdb', 'impressed', 'music', 'box', 'shock', 'enjoy', 'finally', 'entertain', 'finish', 'company']","['imdb', 'impressed', 'music', 'box', 'shock', 'enjoy', 'finally', 'entertain', 'finish', 'company']"
tt1979320,Rush,"Biography, Drama, Sport",sport,"['way', 'make', 'howard', 'race', 'story', 'hunt', 'character', 'score', 'great', 'car']","['film', 'action', 'act', 'sound', 'edit', 'performance', 'sequence', 'set', 'particularly', 'deliver']","['like', 'hunt', 'fan', 'scene', 'think', 'lauda', 'rivalry', 'superb', 'formula', 'car']","['race', 'rush', 'character', 'lauda', 'hunt', 'great', 'good', 'driver', 'howard', 'niki']","['rush', 'hunt', 'life', 'howard', 'driver', 'best', 'lauda', 'race', 'performance', 'motor']"
tt0022100,M,"Crime, Mystery, Thriller",thriller,"['police', 'underworld', 'beckerts', 'sound', 'killer', 'film', 'child', 'beckert', 'murderer', 'god']","['lang', 'lorre', 'time', 'scene', 'child', 'state', 'story', 'look', 'killer', 'know']","['killer', 'police', 'criminal', 'lorre', 'time', 'make', 'child', 'man', 'peter', 'like']","['picture', 'character', 'lang', 'sound', 'best', 'german', 'talkie', 'hollywood', 'movie', 'peter']","['killer', 'lorre', 'make', 'dont', 'time', 'say', 'think', 'little', 'story', 'look']"
tt0095016,Die Hard,"Action, Thriller",thriller,"['john', 'action', 'hard', 'mcclane', 'willis', 'make', 'die', 'best', 'building', 'bruce']","['action', 'hard', 'die', 'time', 'star', 'willis', 'movie', 'bruce', 'role', 'mcclane']","['action', 'mcclane', 'love', 'great', 'hard', 'terrorist', 'die', 'willis', 'john', 'time']","['action', 'willis', 'die', 'hard', 'christmas', 'john', 'mctiernan', 'make', 'rickman', 'cop']","['action', 'hard', 'die', 'willis', 'guy', 'like', 'make', 'great', 'bad', 'mcclane']"
tt0105236,Reservoir Dogs,"Crime, Drama, Thriller",thriller,"['dog', 'reservoir', 'make', 'tarantino', 'like', 'scene', 'movie', 'violence', 'city', 'crime']","['say', 'quentin', 'dont', 'absolutely', 'people', 'tarintino', 'diamond', 'boring', 'way', 'like']","['mr', 'scene', 'tarantino', 'story', 'like', 'dog', 'reservoir', 'orange', 'new', 'film']","['tarantino', 'violence', 'watch', 'dog', 'time', 'mr', 'make', 'character', 'really', 'film']","['job', 'violent', 'gang', 'best', 'point', 'time', 'violence', 'come', 'original', 'look']"
tt0113277,Heat,"Crime, Drama, Thriller",thriller,"['mann', 'heat', 'like', 'film', 'world', 'time', 'gangster', 'family', 'character', 'crime']","['character', 'life', 'feel', 'right', 'choice', 'dilemma', 'thing', 'love', 'heat', 'mann']","['performance', 'pacino', 'heat', 'best', 'memorable', 'bullet', 'excellent', 'write', 'scene', 'story']","['pacino', 'niro', 'character', 'neil', 'scene', 'great', 'cop', 'vincent', 'mann', 'life']","['scene', 'great', 'time', 'best', 'heat', 'make', 'pacino', 'watch', 'character', 'action']"
tt0119488,L.A. Confidential,"Crime, Drama, Mystery, Thriller",thriller,"['character', 'james', 'cromwell', 'cop', 'dramatic', 'tension', 'played', 'time', 'good', 'performance']","['la', 'make', 'great', 'spacey', 'story', 'confidential', 'character', 'crow', 'guy', 'actor']","['like', 'confidential', 'la', 'story', 'look', 'smith', 'make', 'pearce', 'love', 'body']","['la', 'confidential', 'crow', 'best', 'police', 'cop', 'make', 'corruption', 'star', 'story']","['performance', 'great', 'good', 'best', 'character', 'spacey', 'script', 'time', 'man', 'make']"
tt0405094,The Lives of Others,"Drama, Thriller",thriller,"['stasi', 'life', 'german', 'story', 'power', 'gdr', 'east', 'think', 'actor', 'germany']","['life', 'wiesler', 'stasi', 'year', 'good', 'dreyman', 'artist', 'ulrich', 'director', 'best']","['agent', 'playwright', 'stasi', 'german', 'good', 'state', 'dreyman', 'report', 'east', 'make']","['life', 'story', 'best', 'east', 'stasi', 'germany', 'start', 'film', 'love', 'year']","['germany', 'left', 'wall', 'come', 'born', 'suggest', 'look', 'character', 'turn', 'feel']"
tt1345836,The Dark Knight Rises,"Action, Thriller",thriller,"['bruce', 'bane', 'character', 'batman', 'make', 'actually', 'rope', 'action', 'despite', 'thing']","['batman', 'bane', 'time', 'nolan', 'like', 'dark', 'knight', 'make', 'scene', 'really']","['character', 'batman', 'story', 'knight', 'movie', 'good', 'bane', 'dark', 'time', 'like']","['batman', 'knight', 'dark', 'make', 'bane', 'city', 'gotham', 'rise', 'nolan', 'wayne']","['character', 'batman', 'thing', 'good', 'make', 'like', 'bane', 'focus', 'voice', 'wasnt']"
tt3170832,Room,"Drama, Thriller",thriller,"['woman', 'room', 'shed', 'plan', 'son', 'garden', 'previously', 'year', 'captor', 'locate']","['room', 'jack', 'child', 'mother', 'world', 'life', 'year', 'story', 'film', 'way']","['jack', 'joy', 'room', 'make', 'old', 'year', 'story', 'child', 'nick', 'world']","['room', 'great', 'told', 'way', 'year', 'real', 'old', 'work', 'outside', 'performance']","['room', 'jack', 'son', 'thing', 'world', 'year', 'dont', 'make', 'mother', 'actor']"
tt4857264,The Invisible Guest,"Crime, Mystery, Thriller",thriller,"['watch', 'movie', 'come', 'ive', 'review', 'thriller', 'masterpiece', 'dont', 'make', 'time']","['time', 'thriller', 'great', 'plot', 'scene', 'recommend', 'act', 'long', 'end', 'thats']","['good', 'story', 'twist', 'feel', 'guest', 'thriller', 'spanish', 'lot', 'want', 'invisible']","['guest', 'good', 'thriller', 'spanish', 'silence', 'suspense', 'oriol', 'cinema', 'body', 'invisible']","['thriller', 'spanish', 'watch', 'film', 'say', 'hollywood', 'story', 'movie', 'make', 'im']"
tt4934950,Talvar,"Crime, Drama, Mystery, Thriller",thriller,"['case', 'parent', 'team', 'scene', 'investigation', 'murder', 'talvar', 'like', 'make', 'police']","['make', 'case', 'police', 'story', 'happen', 'know', 'actor', 'like', 'law', 'meghna']","['case', 'make', 'role', 'story', 'murder', 'watch', 'gulzar', 'investigation', 'vishal', 'direction']","['watch', 'talwars', 'servant', 'like', 'provide', 'khan', 'know', 'make', 'hemraj', 'convict']","['indian', 'watch', 'movie', 'like', 'work', 'year', 'act', 'superb', 'life', 'friend']"
tt5571734,Pink,"Drama, Thriller",thriller,"['woman', 'society', 'girl', 'performance', 'amitabh', 'bachchan', 'pannu', 'scene', 'pink', 'time']","['pink', 'point', 'credit', 'mean', 'end', 'woman', 'issue', 'watch', 'modern', 'great']","['woman', 'like', 'good', 'say', 'amitabh', 'watch', 'make', 'gal', 'performance', 'time']","['judge', 'like', 'woman', 'men', 'society', 'thing', 'good', 'raise', 'gender', 'god']","['girl', 'minal', 'pink', 'make', 'rajveer', 'friend', 'scene', 'character', 'andrea', 'sehgal']"
